1712594267.255642,0.0,0,0
1712594267.2616472,0.0,0,0
1712594267.2676134,0.0,0,0
1712594267.2736256,0.0,0,0
1712594267.2795756,0.0,0,0
1712594267.2856128,0.0,0,0
1712594267.291624,0.0,0,0
1712594267.297616,0.0,0,0
1712594267.3035946,0.0,0,0
1712594267.309608,0.0,0,0
1712594267.3156006,0.0,0,0
1712594267.3216126,0.0,0,0
1712594267.327596,0.0,0,0
1712594267.3335698,0.0,0,0
1712594267.3395746,0.0,0,0
1712594267.3455665,0.0,0,0
1712594267.3515701,0.0,0,0
1712594267.3576193,0.0,0,0
1712594267.363603,0.0,0,0
1712594267.3695662,0.0,0,0
1712594267.3755648,0.0,0,0
1712594267.3815606,0.0,0,0
1712594267.3875835,0.0,0,0
1712594267.3935764,0.0,0,0
1712594267.3995638,0.0,0,0
1712594267.4055603,0.0,0,0
1712594267.4115634,0.0,0,0
1712594267.417568,0.0,0,0
1712594267.4235654,0.0,0,0
1712594267.4295504,0.0,0,0
1712594267.4355514,0.0,0,0
1712594267.4415479,0.0,0,0
1712594267.4475932,0.0,0,0
1712594267.4535966,0.0,0,0
1712594267.4595976,0.0,0,0
1712594267.4655514,0.0,0,0
1712594267.4715488,0.0,0,0
1712594267.4775884,0.0,0,0
1712594267.4836068,0.0,0,0
1712594267.4896047,0.0,0,0
1712594267.4956014,0.0,0,0
1712594267.5015757,0.0,0,0
1712594267.5076275,0.0,0,0
1712594267.5135763,0.0,0,0
1712594267.5195837,0.0,0,0
1712594267.5255651,0.0,0,0
1712594267.531551,0.0,0,0
1712594267.5375931,0.0,0,0
1712594267.5435922,0.0,0,0
1712594267.5495744,0.0,0,0
1712594267.5555751,0.0,0,0
1712594267.561567,0.0,0,0
1712594267.56757,0.0,0,0
1712594267.5735824,0.0,0,0
1712594267.579576,0.0,0,0
1712594267.5855405,0.0,0,0
1712594267.5915515,0.0,0,0
1712594267.5975776,0.0,0,0
1712594267.6035483,0.0,0,0
1712594267.6095386,0.0,0,0
1712594267.6155345,0.0,0,0
1712594267.6215432,0.0,0,0
1712594267.6275423,0.0,0,0
1712594267.63358,0.0,0,0
1712594267.6395767,0.0,0,0
1712594267.645571,0.0,0,0
1712594267.6515677,0.0,0,0
1712594267.6575658,0.0,0,0
1712594267.663564,0.0,0,0
1712594267.6695793,0.0,0,0
1712594267.675566,0.0,0,0
1712594267.6815667,0.0,0,0
1712594267.6875744,0.0,0,0
1712594267.6935713,0.0,0,0
1712594267.6995716,0.0,0,0
1712594267.705557,0.0,0,0
1712594267.711564,0.0,0,0
1712594267.7175658,0.0,0,0
1712594267.7235672,0.0,0,0
1712594267.7295685,0.0,0,0
1712594267.7355611,0.0,0,0
1712594267.7415588,0.0,0,0
1712594267.7475533,0.0,0,0
1712594267.7535574,0.0,0,0
1712594267.7595499,0.0,0,0
1712594267.7655504,0.0,0,0
1712594267.771533,0.0,0,0
1712594267.7775412,0.0,0,0
1712594267.78352,0.0,0,0
1712594267.7895713,0.0,0,0
1712594267.7955499,0.0,0,0
1712594267.801519,0.0,0,0
1712594267.8075101,0.0,0,0
1712594267.8135154,0.0,0,0
1712594267.8195167,0.0,0,0
1712594267.8255637,0.0,0,0
1712594267.831519,0.0,0,0
1712594267.83751,0.0,0,0
1712594267.8435147,0.0,0,0
1712594267.8495135,0.0,0,0
1712594267.8555555,0.0,0,0
1712594267.861548,0.0,0,0
1712594267.8675296,0.0,0,0
1712594267.873541,0.0,0,0
1712594267.8795354,0.0,0,0
1712594267.8855076,0.0,0,0
1712594267.8915005,0.0,0,0
1712594267.8975446,0.0,0,0
1712594267.903507,0.0,0,0
1712594267.9095354,0.0,0,0
1712594267.9155009,0.0,0,0
1712594267.921543,0.0,0,0
1712594267.9275339,0.0,0,0
1712594267.9335287,0.0,0,0
1712594267.9395337,0.0,0,0
1712594267.9455318,0.0,0,0
1712594267.95153,0.0,0,0
1712594267.9575295,0.0,0,0
1712594267.963517,0.0,0,0
1712594267.9695256,0.0,0,0
1712594267.9755368,0.0,0,0
1712594267.9815304,0.0,0,0
1712594267.9875207,0.0,0,0
1712594267.9935207,0.0,0,0
1712594267.9995103,0.0,0,0
1712594268.0055354,0.0,0,0
1712594268.0115252,0.0,0,0
1712594268.0175183,0.0,0,0
1712594268.0235178,0.0,0,0
1712594268.029509,0.0,0,0
1712594268.0355217,0.0,0,0
1712594268.0415204,0.0,0,0
1712594268.047518,0.0,0,0
1712594268.0535157,0.0,0,0
1712594268.059514,0.0,0,0
1712594268.0655193,0.0,0,0
1712594268.0715172,0.0,0,0
1712594268.0775065,0.0,0,0
1712594268.083514,0.0,0,0
1712594268.0895135,0.0,0,0
1712594268.0955222,0.0,0,0
1712594268.1014903,0.0,0,0
1712594268.1075182,0.0,0,0
1712594268.1135066,0.0,0,0
1712594268.1195254,0.0,0,0
1712594268.125531,0.0,0,0
1712594268.131499,0.0,0,0
1712594268.1374993,0.0,0,0
1712594268.143471,0.0,0,0
1712594268.1494703,0.0,0,0
1712594268.1555154,0.0,0,0
1712594268.1615138,0.0,0,0
1712594268.1674786,0.0,0,0
1712594268.1734684,0.0,0,0
1712594268.179467,0.0,0,0
1712594268.1854656,0.0,0,0
1712594268.191475,0.0,0,0
1712594268.1974814,0.0,0,0
1712594268.203467,0.0,0,0
1712594268.209471,0.0,0,0
1712594268.2154694,0.0,0,0
1712594268.2214694,0.0,0,0
1712594268.2275012,0.0,0,0
1712594268.2335026,0.0,0,0
1712594268.239502,0.0,0,0
1712594268.2454953,0.0,0,0
1712594268.2514973,0.0,0,0
1712594268.2574956,0.0,0,0
1712594268.26349,0.0,0,0
1712594268.2694974,0.0,0,0
1712594268.2754881,0.0,0,0
1712594268.2815106,0.0,0,0
1712594268.2874897,0.0,0,0
1712594268.2934844,0.0,0,0
1712594268.2994843,0.0,0,0
1712594268.305489,0.0,0,0
1712594268.3114974,0.0,0,0
1712594268.3174772,0.0,0,0
1712594268.3234901,0.0,0,0
1712594268.3294792,0.0,0,0
1712594268.3354821,0.0,0,0
1712594268.341491,0.0,0,0
1712594268.3474836,0.0,0,0
1712594268.353482,0.0,0,0
1712594268.359483,0.0,0,0
1712594268.3654866,0.0,0,0
1712594268.3714802,0.0,0,0
1712594268.377495,0.0,0,0
1712594268.3834746,0.0,0,0
1712594268.3894713,0.0,0,0
1712594268.3954763,0.0,0,0
1712594268.4014697,0.0,0,0
1712594268.4074788,0.0,0,0
1712594268.4134805,0.0,0,0
1712594268.4194846,0.0,0,0
1712594268.4254801,0.0,0,0
1712594268.4314735,0.0,0,0
1712594268.4374845,0.0,0,0
1712594268.4434643,0.0,0,0
1712594268.449467,0.0,0,0
1712594268.4554627,0.0,0,0
1712594268.4614735,0.0,0,0
1712594268.4674573,0.0,0,0
1712594268.4734664,0.0,0,0
1712594268.4794652,0.0,0,0
1712594268.4854674,0.0,0,0
1712594268.4914625,0.0,0,0
1712594268.497481,0.0,0,0
1712594268.5034757,0.0,0,0
1712594268.5094557,0.0,0,0
1712594268.5154548,0.0,0,0
1712594268.5214481,0.0,0,0
1712594268.5274606,0.0,0,0
1712594268.5334573,0.0,0,0
1712594268.5394616,0.0,0,0
1712594268.5454578,0.0,0,0
1712594268.5514598,0.0,0,0
1712594268.5574691,0.0,0,0
1712594268.5634634,0.0,0,0
1712594268.5694616,0.0,0,0
1712594268.5754623,0.0,0,0
1712594268.581428,0.0,0,0
1712594268.5874221,0.0,0,0
1712594268.5934646,0.0,0,0
1712594268.5994582,0.0,0,0
1712594268.605462,0.0,0,0
1712594268.6114523,0.0,0,0
1712594268.6174254,0.0,0,0
1712594268.6234632,0.0,0,0
1712594268.629444,0.0,0,0
1712594268.6354444,0.0,0,0
1712594268.6414404,0.0,0,0
1712594268.6474388,0.0,0,0
1712594268.653455,0.0,0,0
1712594268.6594498,0.0,0,0
1712594268.6654482,0.0,0,0
1712594268.6714308,0.0,0,0
1712594268.6774333,0.0,0,0
1712594268.6834462,0.0,0,0
1712594268.6894414,0.0,0,0
1712594268.6954188,0.0,0,0
1712594268.7014122,0.0,0,0
1712594268.70741,0.0,0,0
1712594268.7134168,0.0,0,0
1712594268.7194161,0.0,0,0
1712594268.7254474,0.0,0,0
1712594268.731409,0.0,0,0
1712594268.7374508,0.0,0,0
1712594268.743436,0.0,0,0
1712594268.749416,0.0,0,0
1712594268.7554069,0.0,0,0
1712594268.7614079,0.0,0,0
1712594268.7673962,0.0,0,0
1712594268.7733958,0.0,0,0
1712594268.779401,0.0,0,0
1712594268.7853978,0.0,0,0
1712594268.7914407,0.0,0,0
1712594268.7974005,0.0,0,0
1712594268.803397,0.0,0,0
1712594268.8094754,0.0,0,0
1712594268.8154113,0.0,0,0
1712594268.8214023,0.0,0,0
1712594268.8274004,0.0,0,0
1712594268.8333995,0.0,0,0
1712594268.8393998,0.0,0,0
1712594268.8454084,0.0,0,0
1712594268.851396,0.0,0,0
1712594268.8574293,0.0,0,0
1712594268.8634372,0.0,0,0
1712594268.869408,0.0,0,0
1712594268.8754303,0.0,0,0
1712594268.881424,0.0,0,0
1712594268.8874166,0.0,0,0
1712594268.8934255,0.0,0,0
1712594268.8994303,0.0,0,0
1712594268.905436,0.0,0,0
1712594268.911425,0.0,0,0
1712594268.9174154,0.0,0,0
1712594268.9234104,0.0,0,0
1712594268.9294426,0.0,0,0
1712594268.9354203,0.0,0,0
1712594268.9414127,0.0,0,0
1712594268.947383,0.0,0,0
1712594268.9533849,0.0,0,0
1712594268.9594226,0.0,0,0
1712594268.965389,0.0,0,0
1712594268.9714153,0.0,0,0
1712594268.9773889,0.0,0,0
1712594268.983384,0.0,0,0
1712594268.9894173,0.0,0,0
1712594268.9954293,0.0,0,0
1712594269.0014174,0.0,0,0
1712594269.007414,0.0,0,0
1712594269.0133822,0.0,0,0
1712594269.0193737,0.0,0,0
1712594269.0254292,0.0,0,0
1712594269.0314,0.0,0,0
1712594269.0374327,0.0,0,0
1712594269.043424,0.0,0,0
1712594269.049424,0.0,0,0
1712594269.0554254,0.0,0,0
1712594269.061436,0.0,0,0
1712594269.0674167,0.0,0,0
1712594269.0734982,0.0,0,0
1712594269.0794034,0.0,0,0
1712594269.0854042,0.0,0,0
1712594269.091401,0.0,0,0
1712594269.0973997,0.0,0,0
1712594269.1033888,0.0,0,0
1712594269.1094031,0.0,0,0
1712594269.1154025,0.0,0,0
1712594269.121409,0.0,0,0
1712594269.127394,0.0,0,0
1712594269.1333895,0.0,0,0
1712594269.1393569,0.0,0,0
1712594269.1453583,0.0,0,0
1712594269.1513968,0.0,0,0
1712594269.1574016,0.0,0,0
1712594269.1633563,0.0,0,0
1712594269.1693943,0.0,0,0
1712594269.1753573,0.0,0,0
1712594269.181406,0.0,0,0
1712594269.187384,0.0,0,0
1712594269.1933644,0.0,0,0
1712594269.1993778,0.0,0,0
1712594269.2053607,0.0,0,0
1712594269.2113876,0.0,0,0
1712594269.217384,0.0,0,0
1712594269.2233737,0.0,0,0
1712594269.2293608,0.0,0,0
1712594269.2353518,0.0,0,0
1712594269.2413738,0.0,0,0
1712594269.24735,0.0,0,0
1712594269.2533555,0.0,0,0
1712594269.2593734,0.0,0,0
1712594269.2653506,0.0,0,0
1712594269.2713535,0.0,0,0
1712594269.2773967,0.0,0,0
1712594269.2833457,0.0,0,0
1712594269.2893846,0.0,0,0
1712594269.2953753,0.0,0,0
1712594269.301361,0.0,0,0
1712594269.307378,0.0,0,0
1712594269.3133893,0.0,0,0
1712594269.3193402,0.0,0,0
1712594269.3253462,0.0,0,0
1712594269.3313735,0.0,0,0
1712594269.337395,0.0,0,0
1712594269.3433807,0.0,0,0
1712594269.3493552,0.0,0,0
1712594269.3553402,0.0,0,0
1712594269.3613791,0.0,0,0
1712594269.3673787,0.0,0,0
1712594269.3733835,0.0,0,0
1712594269.3793344,0.0,0,0
1712594269.3853412,0.0,0,0
1712594269.3913271,0.0,0,0
1712594269.3973622,0.0,0,0
1712594269.40335,0.0,0,0
1712594269.4093363,0.0,0,0
1712594269.415334,0.0,0,0
1712594269.4213352,0.0,0,0
1712594269.4273846,0.0,0,0
1712594269.4333405,0.0,0,0
1712594269.439361,0.0,0,0
1712594269.445368,0.0,0,0
1712594269.4513602,0.0,0,0
1712594269.4573765,0.0,0,0
1712594269.463364,0.0,0,0
1712594269.4693608,0.0,0,0
1712594269.4753609,0.0,0,0
1712594269.4813719,0.0,0,0
1712594269.4873312,0.0,0,0
1712594269.493356,0.0,0,0
1712594269.4993646,0.0,0,0
1712594269.5054607,0.0,0,0
1712594269.511334,0.0,0,0
1712594269.5173225,0.0,0,0
1712594269.5233676,0.0,0,0
1712594269.5293665,0.0,0,0
1712594269.5353289,0.0,0,0
1712594269.5413187,0.0,0,0
1712594269.5473216,0.0,0,0
1712594269.5533812,0.0,0,0
1712594269.5593443,0.0,0,0
1712594269.5653381,0.0,0,0
1712594269.5713253,0.0,0,0
1712594269.5773218,0.0,0,0
1712594269.5833657,0.0,0,0
1712594269.5893679,0.0,0,0
1712594269.595348,0.0,0,0
1712594269.601333,0.0,0,0
1712594269.6073227,0.0,0,0
1712594269.6133618,0.0,0,0
1712594269.619366,0.0,0,0
1712594269.6253555,0.0,0,0
1712594269.631349,0.0,0,0
1712594269.6373563,0.0,0,0
1712594269.6433554,0.0,0,0
1712594269.6493769,0.0,0,0
1712594269.6553557,0.0,0,0
1712594269.6613557,0.0,0,0
1712594269.6673439,0.0,0,0
1712594269.6733596,0.0,0,0
1712594269.6793456,0.0,0,0
1712594269.6853602,0.0,0,0
1712594269.6913428,0.0,0,0
1712594269.6973562,0.0,0,0
1712594269.7033386,0.0,0,0
1712594269.7093644,0.0,0,0
1712594269.7153447,0.0,0,0
1712594269.7213542,0.0,0,0
1712594269.7273505,0.0,0,0
1712594269.733356,0.0,0,0
1712594269.7393553,0.0,0,0
1712594269.7453547,0.0,0,0
1712594269.7513475,0.0,0,0
1712594269.7573488,0.0,0,0
1712594269.7633402,0.0,0,0
1712594269.7693539,0.0,0,0
1712594269.7753453,0.0,0,0
1712594269.7813528,0.0,0,0
1712594269.7873378,0.0,0,0
1712594269.7933547,0.0,0,0
1712594269.7993326,0.0,0,0
1712594269.8053565,0.0,0,0
1712594269.811363,0.0,0,0
1712594269.8173518,0.0,0,0
1712594269.8233414,0.0,0,0
1712594269.8293533,0.0,0,0
1712594269.835334,0.0,0,0
1712594269.841352,0.0,0,0
1712594269.8473482,0.0,0,0
1712594269.853341,0.0,0,0
1712594269.8593392,0.0,0,0
1712594269.8653483,0.0,0,0
1712594269.871332,0.0,0,0
1712594269.8773448,0.0,0,0
1712594269.8833332,0.0,0,0
1712594269.8893495,0.0,0,0
1712594269.8953362,0.0,0,0
1712594269.901348,0.0,0,0
1712594269.9073305,0.0,0,0
1712594269.9133413,0.0,0,0
1712594269.9193273,0.0,0,0
1712594269.9253395,0.0,0,0
1712594269.931335,0.0,0,0
1712594269.9373524,0.0,0,0
1712594269.943328,0.0,0,0
1712594269.9493408,0.0,0,0
1712594269.9553266,0.0,0,0
1712594269.9613466,0.0,0,0
1712594269.9673314,0.0,0,0
1712594269.9733443,0.0,0,0
1712594269.979334,0.0,0,0
1712594269.985353,0.0,0,0
1712594269.9913347,0.0,0,0
1712594269.9973469,0.0,0,0
1712594270.0033374,0.0,0,0
1712594270.0093417,0.0,0,0
1712594270.0153453,0.0,0,0
1712594270.0213447,0.0,0,0
1712594270.0273292,0.0,0,0
1712594270.0333216,0.0,0,0
1712594270.039322,0.0,0,0
1712594270.0453522,0.0,0,0
1712594270.0513325,0.0,0,0
1712594270.0573425,0.0,0,0
1712594270.063333,0.0,0,0
1712594270.0693114,0.0,0,0
1712594270.075323,0.0,0,0
1712594270.081352,0.0,0,0
1712594270.0873353,0.0,0,0
1712594270.0933454,0.0,0,0
1712594270.099327,0.0,0,0
1712594270.1053362,0.0,0,0
1712594270.1113396,0.0,0,0
1712594270.117335,0.0,0,0
1712594270.1233287,0.0,0,0
1712594270.1293387,0.0,0,0
1712594270.1353192,0.0,0,0
1712594270.1413488,0.0,0,0
1712594270.1473238,0.0,0,0
1712594270.1533225,0.0,0,0
1712594270.1593125,0.0,0,0
1712594270.1653383,0.0,0,0
1712594270.1712995,0.0,0,0
1712594270.1772926,0.0,0,0
1712594270.1832907,0.0,0,0
1712594270.1892872,0.0,0,0
1712594270.1952882,0.0,0,0
1712594270.2012923,0.0,0,0
1712594270.2072892,0.0,0,0
1712594270.2132895,0.0,0,0
1712594270.2192943,0.0,0,0
1712594270.2252963,0.0,0,0
1712594270.2312944,0.0,0,0
1712594270.2372878,0.0,0,0
1712594270.2432864,0.0,0,0
1712594270.2492852,0.0,0,0
1712594270.2552822,0.0,0,0
1712594270.261311,0.0,0,0
1712594270.2672896,0.0,0,0
1712594270.2732863,0.0,0,0
1712594270.2792835,0.0,0,0
1712594270.2852812,0.0,0,0
1712594270.2912846,0.0,0,0
1712594270.2972844,0.0,0,0
1712594270.3032846,0.0,0,0
1712594270.3092818,0.0,0,0
1712594270.315287,0.0,0,0
1712594270.321281,0.0,0,0
1712594270.3274171,0.0,0,0
1712594270.3333378,0.0,0,0
1712594270.3393247,0.0,75,25
1712594270.34529,0.0,190,60
1712594270.3512907,0.0,280,121
1712594270.3572881,0.0,426,150
1712594270.36333,0.0,475,205
1712594270.3692913,0.0,615,263
1712594270.375286,0.0,724,355
1712594270.3813226,0.0,767,466
1712594270.38733,0.0,822,487
1712594270.3933218,0.0,929,621
1712594270.3992915,0.0,958,692
1712594270.4053495,0.0,1029,816
1712594270.4112897,0.0,1079,937
1712594270.4172883,0.0,1117,1021
1712594270.4233408,0.0,1111,1132
1712594270.4292865,0.0,1134,1240
1712594270.4352865,0.0,1188,1389
1712594270.4412875,0.0,1205,1533
1712594270.4472876,0.0,1209,1684
1712594270.4532964,0.03999999910593033,1196,1761
1712594270.4592872,0.09000000357627869,1192,1883
1712594270.4653382,0.6200000047683716,1169,1923
1712594270.4712875,0.8299999833106995,1211,2015
1712594270.477286,1.190000057220459,1205,2098
1712594270.4833324,1.4900000095367432,1205,2147
1712594270.489337,1.850000023841858,1190,2151
1712594270.4952886,2.109999895095825,1173,2182
1712594270.50128,2.4200000762939453,1136,2182
1712594270.507319,2.809999942779541,1146,2170
1712594270.5133414,3.119999885559082,1136,2172
1712594270.5192919,3.430000066757202,1138,2147
1712594270.525414,3.690000057220459,1073,2128
1712594270.53132,3.9100000858306885,1060,2105
1712594270.5372837,4.21999979019165,1090,2124
1712594270.5432844,4.389999866485596,1088,2220
1712594270.549278,4.610000133514404,1060,2293
1712594270.5552766,4.789999961853027,1031,2366
1712594270.561205,5.050000190734863,1056,2460
1712594270.5672097,5.230000019073486,1031,2467
1712594270.573204,5.539999961853027,1002,2527
1712594270.5792377,5.929999828338623,1000,2534
1712594270.5852053,6.329999923706055,1033,2571
1712594270.59124,6.71999979019165,1023,2578
1712594270.597208,7.079999923706055,958,2592
1712594270.6032813,7.510000228881836,966,2594
1712594270.6092064,7.949999809265137,1012,2576
1712594270.6153085,8.350000381469727,975,2576
1712594270.6212769,8.699999809265137,981,2527
1712594270.6272001,9.050000190734863,989,2521
1712594270.633206,9.449999809265137,962,2446
1712594270.6392083,9.760000228881836,968,2427
1712594270.645204,10.109999656677246,1017,2408
1712594270.651207,10.420000076293945,991,2329
1712594270.6572018,10.720000267028809,954,2272
1712594270.663239,11.380000114440918,960,2190
1712594270.66921,11.649999618530273,1010,2161
1712594270.6752048,12.0,975,2119
1712594270.6811993,12.300000190734863,983,2048
1712594270.6871994,12.569999694824219,991,1983
1712594270.6932006,12.789999961853027,993,1935
1712594270.6991951,13.100000381469727,973,1900
1712594270.7051928,13.359999656677246,1004,1808
1712594270.71123,13.670000076293945,1019,1789
1712594270.717189,13.930000305175781,977,1728
1712594270.723289,14.1899995803833,979,1697
1712594270.7292035,14.369999885559082,1021,1632
1712594270.7352276,14.59000015258789,991,1592
1712594270.741225,14.8100004196167,979,1686
1712594270.7471912,15.069999694824219,987,1674
1712594270.7531886,15.34000015258789,1031,1757
1712594270.7592187,15.600000381469727,975,1774
1712594270.7652261,15.859999656677246,979,1877
1712594270.7712274,16.079999923706055,1019,1908
1712594270.7771945,16.260000228881836,1004,2000
1712594270.7832232,16.440000534057617,998,2069
1712594270.7892191,16.700000762939453,1021,2130
1712594270.7951891,17.010000228881836,991,2170
1712594270.8011847,17.309999465942383,983,2222
1712594270.8071856,17.6200008392334,991,2272
1712594270.813216,17.93000030517578,1031,2280
1712594270.8191936,18.280000686645508,968,2293
1712594270.8251812,18.6299991607666,975,2301
1712594270.8311813,18.940000534057617,1021,2310
1712594270.837177,19.290000915527344,1025,2299
1712594270.8431742,19.559999465942383,996,2287
1712594270.849175,19.860000610351562,991,2276
1712594270.8551815,19.950000762939453,1006,2264
1712594270.861179,20.0,985,2247
1712594270.8672159,20.0,987,2190
1712594270.8731782,20.040000915527344,1035,2176
1712594270.8791873,20.040000915527344,975,2144
1712594270.8851771,20.040000915527344,975,2109
1712594270.891175,20.079999923706055,1021,2107
1712594270.8971908,20.079999923706055,1031,2077
1712594270.9032016,20.079999923706055,1004,2057
1712594270.9091725,20.079999923706055,991,2034
1712594270.9152145,20.079999923706055,1019,2021
1712594270.921186,20.1299991607666,1012,1979
1712594270.927269,20.170000076293945,989,1996
1712594270.9331706,20.260000228881836,1017,1987
1712594270.939169,20.479999542236328,1012,2040
1712594270.9451683,20.739999771118164,983,2075
1712594270.9511604,21.010000228881836,983,2157
1712594270.9571633,21.360000610351562,1019,2224
1712594270.9632022,21.709999084472656,998,2289
1712594270.9691901,22.100000381469727,987,2412
1712594270.9751713,22.459999084472656,1014,2439
1712594270.9811704,22.809999465942383,1019,2532
1712594270.9872022,23.1200008392334,977,2588
1712594270.993164,23.549999237060547,981,2665
1712594270.9991632,23.90999984741211,1025,2665
1712594271.0051672,24.299999237060547,1006,2728
1712594271.0112157,24.649999618530273,970,2783
1712594271.0171645,25.049999237060547,993,2785
1712594271.023163,25.530000686645508,1012,2781
1712594271.0291574,25.93000030517578,981,2714
1712594271.035157,26.31999969482422,1017,2703
1712594271.0411873,26.670000076293945,1021,2684
1712594271.0471609,27.06999969482422,981,2712
1712594271.0531569,27.290000915527344,983,2615
1712594271.0591555,27.469999313354492,1027,2578
1712594271.0651863,27.600000381469727,1025,2561
1712594271.0711648,27.639999389648438,966,2513
1712594271.0771596,27.639999389648438,981,2473
1712594271.0831509,27.639999389648438,1027,2402
1712594271.0891504,27.639999389648438,993,2393
1712594271.095152,27.639999389648438,1000,2381
1712594271.1011517,27.639999389648438,1006,2333
1712594271.1071472,27.639999389648438,989,2297
1712594271.1131723,27.639999389648438,991,2272
1712594271.1191516,27.639999389648438,1027,2249
1712594271.1252499,27.639999389648438,1025,2224
1712594271.1311486,27.639999389648438,964,2224
1712594271.1371462,27.639999389648438,975,2243
1712594271.1431513,27.639999389648438,1021,2303
1712594271.149143,27.639999389648438,989,2364
1712594271.1551456,27.639999389648438,989,2429
1712594271.1611493,27.639999389648438,996,2513
1712594271.1671877,27.639999389648438,1023,2582
1712594271.173147,27.639999389648438,979,2670
1712594271.1791396,27.639999389648438,989,2749
1712594271.1851435,27.639999389648438,1023,2868
1712594271.1911414,27.639999389648438,1002,2923
1712594271.1971445,27.639999389648438,993,3017
1712594271.2031424,27.81999969482422,1023,3105
1712594271.20913,28.299999237060547,989,3132
1712594271.215151,28.780000686645508,991,3224
1712594271.2211359,29.270000457763672,1000,3279
1712594271.2271495,29.8799991607666,1029,3289
1712594271.233133,30.3700008392334,973,3310
1712594271.239132,30.850000381469727,973,3310
1712594271.2451353,31.3799991607666,1025,3283
1712594271.2511344,31.899999618530273,1027,3264
1712594271.257128,32.29999923706055,998,3251
1712594271.2631767,32.7400016784668,998,3187
1712594271.2691338,33.18000030517578,1006,3176
1712594271.2751408,33.65999984741211,981,3122
1712594271.2811306,34.099998474121094,983,3084
1712594271.287154,34.5,1033,3013
1712594271.293134,35.02000045776367,975,2969
1712594271.2991314,35.459999084472656,975,2858
1712594271.3051279,35.86000061035156,1023,2808
1712594271.311157,36.209999084472656,1031,2732
1712594271.317131,36.689998626708984,1006,2630
1712594271.3231695,37.09000015258789,987,2573
1712594271.329269,37.439998626708984,1017,2471
1712594271.3351266,37.84000015258789,1008,2439
1712594271.3411183,38.13999938964844,993,2423
1712594271.3471217,38.5,1023,2469
1712594271.3531523,38.88999938964844,1006,2477
1712594271.359128,39.290000915527344,981,2548
1712594271.3651166,39.68000030517578,989,2569
1712594271.37112,40.08000183105469,1021,2622
1712594271.3771222,40.560001373291016,993,2665
1712594271.3831227,41.0,983,2730
1712594271.3891258,41.439998626708984,1010,2751
1712594271.39512,41.84000015258789,1019,2785
1712594271.401121,42.189998626708984,975,2781
1712594271.4071193,42.709999084472656,981,2827
1712594271.4131289,43.20000076293945,1021,2802
1712594271.41917,43.59000015258789,1004,2768
1712594271.425122,43.95000076293945,973,2818
1712594271.4311244,44.34000015258789,1000,2789
1712594271.437119,44.81999969482422,1006,2766
1712594271.4431388,45.220001220703125,985,2707
1712594271.4491565,45.56999969482422,1019,2709
1712594271.4551415,45.91999816894531,1023,2663
1712594271.461146,46.40999984741211,977,2676
1712594271.4671426,46.849998474121094,983,2596
1712594271.473174,47.2400016784668,1023,2523
1712594271.4791257,47.54999923706055,1014,2509
1712594271.4851232,47.900001525878906,958,2463
1712594271.4911165,48.29999923706055,981,2373
1712594271.497121,48.689998626708984,1025,2333
1712594271.5031168,49.09000015258789,981,2285
1712594271.5091243,49.439998626708984,998,2253
1712594271.5151646,49.75,1006,2199
1712594271.5211227,50.0099983215332,981,2134
1712594271.5272474,50.36000061035156,989,2073
1712594271.5331655,50.709999084472656,1033,2019
1712594271.5391364,51.02000045776367,1021,2044
1712594271.5450985,51.33000183105469,966,2088
1712594271.5511005,51.59000015258789,985,2140
1712594271.5570982,51.900001525878906,1029,2178
1712594271.5630925,52.290000915527344,996,2222
1712594271.5691376,52.650001525878906,998,2280
1712594271.5751019,53.040000915527344,1006,2347
1712594271.581097,53.38999938964844,1021,2421
1712594271.5871382,53.70000076293945,981,2458
1712594271.5930989,54.18000030517578,996,2513
1712594271.59913,54.58000183105469,1023,2519
1712594271.6051538,54.93000030517578,996,2578
1712594271.6111612,55.279998779296875,987,2590
1712594271.61715,55.59000015258789,1006,2561
1712594271.6231265,56.029998779296875,987,2552
1712594271.629138,56.43000030517578,991,2601
1712594271.635136,56.779998779296875,1002,2559
1712594271.6411316,57.130001068115234,1014,2588
1712594271.6471233,57.38999938964844,970,2580
1712594271.6530864,57.83000183105469,968,2506
1712594271.6591003,58.18000030517578,1021,2479
1712594271.6651099,58.619998931884766,1012,2450
1712594271.6711195,58.970001220703125,996,2412
1712594271.6770906,59.2400016784668,1010,2356
1712594271.6830812,59.59000015258789,993,2291
1712594271.689134,59.939998626708984,987,2245
1712594271.6951318,60.25,991,2186
1712594271.7010849,60.560001373291016,1031,2132
1712594271.7070794,60.81999969482422,975,2075
1712594271.7131155,61.130001068115234,975,2031
1712594271.7191186,61.439998626708984,1017,2013
1712594271.7252686,61.70000076293945,1037,1933
1712594271.7310872,61.959999084472656,1006,1927
1712594271.7370794,62.27000045776367,993,1918
1712594271.7430813,62.529998779296875,1021,1921
1712594271.749076,62.75,1019,2004
1712594271.7550814,63.060001373291016,985,2038
1712594271.7610872,63.40999984741211,1006,2092
1712594271.767072,63.720001220703125,1019,2161
1712594271.7730725,64.02999877929688,991,2247
1712594271.7790682,64.29000091552734,977,2283
1712594271.7850764,64.5999984741211,1010,2339
1712594271.7910755,65.04000091552734,998,2368
1712594271.7970698,65.43000030517578,987,2402
1712594271.8030703,65.79000091552734,1017,2444
1712594271.8090677,66.08999633789062,1012,2506
1712594271.8150752,66.4000015258789,975,2519
1712594271.8210697,66.83999633789062,977,2490
1712594271.8270705,67.23999786376953,1025,2513
1712594271.8330686,67.58999633789062,1006,2504
1712594271.8390687,67.9000015258789,968,2494
1712594271.845067,68.19999694824219,993,2444
1712594271.8510697,68.5999984741211,1017,2460
1712594271.8571196,68.94999694824219,983,2379
1712594271.8630736,69.26000213623047,1012,2352
1712594271.8690991,69.61000061035156,1014,2310
1712594271.875105,69.87000274658203,979,2285
1712594271.8810995,70.18000030517578,983,2234
1712594271.887107,70.52999877929688,1029,2188
1712594271.893073,70.83999633789062,1029,2157
1712594271.8990989,71.19000244140625,970,2100
1712594271.9050906,71.5,983,2054
1712594271.9110699,71.72000122070312,1027,1987
1712594271.917053,72.06999969482422,998,1969
1712594271.9230537,72.41999816894531,1002,1921
1712594271.9292207,72.7699966430664,1006,1870
1712594271.9350634,73.04000091552734,993,1793
1712594271.9410548,73.30000305175781,989,1738
1712594271.9470618,73.55999755859375,1023,1628
1712594271.953053,73.73999786376953,1029,1523
1712594271.9590535,74.0,979,1416
1712594271.9650502,74.22000122070312,981,1316
1712594271.9710612,74.4000015258789,1023,1188
1712594271.9770513,74.58000183105469,993,1102
1712594271.9830513,74.70999908447266,985,935
1712594271.9890473,74.83999633789062,991,801
1712594271.9950488,74.93000030517578,1033,652
1712594272.0010483,75.01000213623047,979,573
1712594272.0070493,75.0999984741211,979,502
1712594272.0130513,75.1500015258789,1025,393
1712594272.0190508,75.2300033569336,1008,336
1712594272.0250473,75.2300033569336,1000,249
1712594272.0310378,75.2300033569336,1021,232
1712594272.0370414,75.2300033569336,996,152
1712594272.0430348,75.2300033569336,981,123
1712594272.0490339,75.2300033569336,989,89
1712594272.0550327,75.2300033569336,1029,94
1712594272.0610423,75.2300033569336,968,98
1712594272.0670414,75.27999877929688,973,64
1712594272.0730338,75.27999877929688,1021,54
1712594272.0790334,75.27999877929688,1027,54
1712594272.0850308,75.41000366210938,996,75
1712594272.0910394,75.41000366210938,987,106
1712594272.0970318,75.41000366210938,1006,119
1712594272.103058,75.41000366210938,987,182
1712594272.109039,75.41000366210938,987,194
1712594272.1150513,75.41000366210938,1033,209
1712594272.1210346,75.44999694824219,968,242
1712594272.1272063,75.54000091552734,970,274
1712594272.1330357,75.58999633789062,1017,265
1712594272.1390326,75.58999633789062,1023,274
1712594272.145034,75.62999725341797,1004,192
1712594272.151022,75.66999816894531,989,113
1712594272.1570246,75.72000122070312,1014,52
1712594272.1630285,75.72000122070312,1008,-36
1712594272.1690283,75.72000122070312,985,-107
1712594272.1750295,75.72000122070312,1017,-176
1712594272.1810262,75.72000122070312,1006,-296
1712594272.1870263,75.72000122070312,977,-287
1712594272.193068,75.72000122070312,985,-394
1712594272.1990323,75.72000122070312,1019,-419
1712594272.2050197,75.72000122070312,993,-478
1712594272.2110202,75.72000122070312,981,-536
1712594272.2170846,75.72000122070312,1010,-519
1712594272.223028,75.72000122070312,1019,-553
1712594272.229063,75.72000122070312,975,-620
1712594272.2350247,75.72000122070312,983,-641
1712594272.241022,75.72000122070312,1023,-666
1712594272.2470667,75.72000122070312,1006,-660
1712594272.253054,75.72000122070312,975,-651
1712594272.25905,75.72000122070312,1002,-653
1712594272.2650487,75.72000122070312,1010,-662
1712594272.2710302,75.72000122070312,985,-683
1712594272.2770524,75.72000122070312,1021,-660
1712594272.283016,75.72000122070312,1025,-683
1712594272.2890399,75.72000122070312,981,-639
1712594272.2950096,75.72000122070312,985,-676
1712594272.301047,75.72000122070312,1033,-647
1712594272.3070364,75.66999816894531,1023,-635
1712594272.3130388,75.66999816894531,964,-628
1712594272.319038,75.62999725341797,983,-620
1712594272.3250365,75.62999725341797,1029,-643
1712594272.33121,75.62999725341797,991,-645
1712594272.3370087,75.58999633789062,1002,-626
1712594272.3430498,75.58999633789062,1008,-635
1712594272.3490453,75.58999633789062,989,-695
1712594272.3550057,75.58999633789062,993,-773
1712594272.3610365,75.58999633789062,1031,-900
1712594272.3670115,75.58999633789062,1025,-974
1712594272.373018,75.58999633789062,968,-1051
1712594272.3790116,75.58999633789062,977,-1151
1712594272.3850083,75.58999633789062,1025,-1237
1712594272.3910122,75.58999633789062,989,-1306
1712594272.3970041,75.58999633789062,991,-1411
1712594272.4030132,75.54000091552734,998,-1505
1712594272.4090073,75.54000091552734,1023,-1562
1712594272.4150014,75.54000091552734,979,-1599
1712594272.4209952,75.5,989,-1631
1712594272.4269967,75.44999694824219,1021,-1673
1712594272.4329982,75.41000366210938,1000,-1737
1712594272.4390035,75.37000274658203,989,-1762
1712594272.4449987,75.31999969482422,1023,-1752
1712594272.4509933,75.31999969482422,989,-1765
1712594272.456992,75.27999877929688,991,-1809
1712594272.4630013,75.2300033569336,1002,-1758
1712594272.4690077,75.19000244140625,1029,-1769
1712594272.4750385,75.0999984741211,968,-1800
1712594272.4810305,75.05999755859375,973,-1769
1712594272.4869993,75.01000213623047,1023,-1742
1712594272.4929962,74.97000122070312,1021,-1752
1712594272.4990406,74.93000030517578,996,-1687
1712594272.50508,74.87999725341797,1004,-1647
1712594272.5110035,74.83999633789062,1002,-1689
1712594272.5169954,74.83999633789062,979,-1645
1712594272.5229912,74.83999633789062,979,-1641
1712594272.5290885,74.83999633789062,1031,-1631
1712594272.5350304,74.83999633789062,975,-1587
1712594272.540995,74.83999633789062,975,-1603
1712594272.5470304,74.83999633789062,1025,-1714
1712594272.5529854,74.83999633789062,1035,-1773
1712594272.5590322,74.83999633789062,1004,-1838
1712594272.5650218,74.83999633789062,987,-1938
1712594272.5710142,74.83999633789062,1014,-1999
1712594272.5769854,74.83999633789062,1004,-2129
1712594272.582982,74.83999633789062,998,-2208
1712594272.5890021,74.83999633789062,1027,-2273
1712594272.5950277,74.83999633789062,996,-2336
1712594272.6009789,74.87999725341797,975,-2411
1712594272.6069853,74.87999725341797,998,-2472
1712594272.6129992,74.87999725341797,1025,-2533
1712594272.619026,74.87999725341797,993,-2583
1712594272.6250265,74.87999725341797,977,-2633
1712594272.6309845,74.87999725341797,1017,-2679
1712594272.6370108,74.87999725341797,1014,-2729
1712594272.6429806,74.93000030517578,977,-2700
1712594272.6490188,74.93000030517578,993,-2733
1712594272.6550274,74.93000030517578,1021,-2706
1712594272.6609828,75.05999755859375,1000,-2738
1712594272.6669667,75.19000244140625,975,-2736
1712594272.6729922,75.27999877929688,1006,-2721
1712594272.6789665,75.19000244140625,1002,-2717
1712594272.685016,74.79000091552734,989,-2731
1712594272.6909828,74.4000015258789,1021,-2710
1712594272.6969702,74.05000305175781,1010,-2710
1712594272.702968,73.61000061035156,981,-2669
1712594272.7089636,73.20999908447266,983,-2664
1712594272.7149982,72.7699966430664,1031,-2591
1712594272.7209787,72.37999725341797,1027,-2549
1712594272.7270703,71.9800033569336,979,-2560
1712594272.7329671,71.62999725341797,983,-2503
1712594272.738965,71.23999786376953,1023,-2510
1712594272.7449648,70.80000305175781,993,-2585
1712594272.7509646,70.44000244140625,1002,-2664
1712594272.7570093,70.05000305175781,1004,-2723
1712594272.7629948,69.6500015258789,998,-2763
1712594272.7689989,69.20999908447266,987,-2800
1712594272.7750134,68.81999969482422,1019,-2890
1712594272.781004,68.37999725341797,1029,-2934
1712594272.7869675,67.9800033569336,981,-2907
1712594272.7929556,67.54000091552734,979,-2949
1712594272.798964,67.1500015258789,1025,-2951
1712594272.8050163,66.75,996,-2962
1712594272.8109772,66.30999755859375,979,-2922
1712594272.8169591,65.83000183105469,987,-2934
1712594272.8229964,65.38999938964844,1035,-2872
1712594272.828973,64.94999694824219,977,-2821
1712594272.8349922,64.5999984741211,977,-2813
1712594272.8410037,64.19999694824219,1021,-2796
1712594272.846959,63.810001373291016,1010,-2719
1712594272.8529654,63.40999984741211,1002,-2675
1712594272.8589532,63.060001373291016,1023,-2623
1712594272.864961,62.709999084472656,1002,-2547
1712594272.871006,62.310001373291016,983,-2478
1712594272.8769572,61.959999084472656,989,-2426
1712594272.882958,61.61000061035156,1031,-2363
1712594272.8889487,61.349998474121094,973,-2304
1712594272.894945,61.0,973,-2238
1712594272.9009573,60.63999938964844,1017,-2187
1712594272.9070044,60.34000015258789,1029,-2158
1712594272.9129565,60.029998779296875,996,-2091
1712594272.9189386,59.720001220703125,983,-2035
1712594272.9249363,59.40999984741211,1004,-1972
1712594272.9310498,59.150001525878906,987,-1949
1712594272.937,58.88999938964844,991,-1886
1712594272.9429896,58.619998931884766,1031,-1913
1712594272.9489415,58.31999969482422,966,-1913
1712594272.9549904,58.04999923706055,964,-1968
1712594272.9609902,57.790000915527344,1014,-1980
1712594272.966982,57.47999954223633,1019,-2049
1712594272.9729896,57.220001220703125,1000,-2110
1712594272.9789417,56.90999984741211,987,-2183
1712594272.9849374,56.599998474121094,1014,-2231
1712594272.9909832,56.290000915527344,1006,-2302
1712594272.9969494,55.939998626708984,987,-2359
1712594273.0029416,55.630001068115234,1017,-2451
1712594273.0089476,55.2400016784668,1006,-2474
1712594273.0149326,54.84000015258789,981,-2518
1712594273.0209508,54.45000076293945,985,-2535
1712594273.026984,54.04999923706055,1019,-2572
1712594273.0329387,53.70000076293945,996,-2574
1712594273.038967,53.2599983215332,983,-2574
1712594273.0449326,52.869998931884766,1014,-2556
1712594273.050927,52.470001220703125,1017,-2560
1712594273.0569735,52.119998931884766,973,-2533
1712594273.0629323,51.77000045776367,983,-2507
1712594273.0689244,51.459999084472656,1023,-2455
1712594273.0749261,51.11000061035156,1004,-2447
1712594273.0809212,50.709999084472656,975,-2374
1712594273.0869772,50.36000061035156,1000,-2336
1712594273.092967,50.04999923706055,1008,-2292
1712594273.0989347,49.65999984741211,983,-2269
1712594273.1049323,49.310001373291016,1021,-2191
1712594273.1109276,48.959999084472656,1021,-2135
1712594273.116961,48.599998474121094,979,-2087
1712594273.122973,48.25,985,-2028
1712594273.1290276,47.939998626708984,1031,-1991
1712594273.1349218,47.63999938964844,1017,-1942
1712594273.1409152,47.369998931884766,960,-1892
1712594273.14695,47.06999969482422,981,-1972
1712594273.1529732,46.7599983215332,1029,-1986
1712594273.158959,46.40999984741211,987,-2064
1712594273.1649127,46.13999938964844,1000,-2122
1712594273.1709492,45.83000183105469,1008,-2179
1712594273.1769435,45.47999954223633,985,-2240
1712594273.1829126,45.18000030517578,993,-2317
1712594273.18896,44.81999969482422,1033,-2355
1712594273.1949136,44.470001220703125,1019,-2384
1712594273.2009082,44.119998931884766,960,-2405
1712594273.206954,43.77000045776367,981,-2445
1712594273.2129397,43.41999816894531,1025,-2459
1712594273.2189143,42.97999954223633,991,-2474
1712594273.2249143,42.58000183105469,996,-2482
1712594273.2309103,42.189998626708984,1004,-2459
1712594273.2369072,41.75,1019,-2470
1712594273.242956,41.349998474121094,983,-2424
1712594273.248955,41.0,1000,-2397
1712594273.2549105,40.61000061035156,1025,-2376
1712594273.260908,40.29999923706055,1000,-2319
1712594273.2669036,39.95000076293945,991,-2288
1712594273.2729635,39.59000015258789,1025,-2256
1712594273.2789462,39.290000915527344,989,-2238
1712594273.2849092,38.939998626708984,991,-2179
1712594273.290906,38.66999816894531,1000,-2108
1712594273.2969291,38.36000061035156,1029,-2060
1712594273.302959,38.060001373291016,970,-1984
1712594273.3089437,37.75,973,-1951
1712594273.314935,37.4900016784668,1021,-1903
1712594273.320906,37.18000030517578,1017,-1875
1712594273.3269303,36.869998931884766,996,-1771
1712594273.3330867,36.61000061035156,1004,-1773
1712594273.3389513,36.38999938964844,1004,-1725
1712594273.3449323,36.08000183105469,981,-1721
1712594273.3509374,35.77000045776367,981,-1748
1712594273.3569374,35.459999084472656,1031,-1798
1712594273.3629344,35.15999984741211,970,-1823
1712594273.368926,34.88999938964844,970,-1922
1712594273.3749352,34.630001068115234,1012,-1942
1712594273.38092,34.31999969482422,1031,-2028
1712594273.3869178,33.970001220703125,1000,-2101
1712594273.3929477,33.619998931884766,981,-2143
1712594273.398901,33.349998474121094,1006,-2196
1712594273.4049444,33.04999923706055,996,-2261
1712594273.4108887,32.7400016784668,996,-2302
1712594273.4168856,32.34000015258789,1029,-2309
1712594273.4229245,32.040000915527344,987,-2351
1712594273.4289227,31.729999542236328,970,-2340
1712594273.434926,31.3799991607666,1008,-2371
1712594273.4409208,31.06999969482422,1033,-2338
1712594273.4469287,30.760000228881836,1002,-2332
1712594273.452919,30.3700008392334,985,-2302
1712594273.4589148,30.010000228881836,1025,-2309
1712594273.4649186,29.6200008392334,1021,-2279
1712594273.470922,29.309999465942383,983,-2263
1712594273.476919,28.959999084472656,996,-2229
1712594273.482914,28.610000610351562,1023,-2171
1712594273.4889119,28.260000228881836,1002,-2099
1712594273.4948878,27.950000762939453,975,-2041
1712594273.500877,27.639999389648438,1004,-2003
1712594273.5068715,27.3799991607666,1002,-1963
1712594273.5128784,27.110000610351562,985,-1930
1712594273.5188773,26.889999389648438,1019,-1848
1712594273.5248766,26.59000015258789,1017,-1819
1712594273.5310528,26.3700008392334,979,-1746
1712594273.536892,26.100000381469727,989,-1723
1712594273.5429027,25.8799991607666,1025,-1729
1712594273.548875,25.65999984741211,1006,-1739
1712594273.5548787,25.399999618530273,960,-1827
1712594273.560872,25.139999389648438,985,-1848
1712594273.5669029,24.8700008392334,1019,-1886
1712594273.572881,24.520000457763672,977,-1970
1712594273.5789454,24.170000076293945,1004,-2039
1712594273.5848708,23.81999969482422,1010,-2114
1712594273.5908735,23.510000228881836,981,-2168
1712594273.5968676,23.15999984741211,983,-2231
1712594273.6029098,22.850000381469727,1031,-2254
1712594273.608871,22.5,1008,-2304
1712594273.614871,22.149999618530273,962,-2332
1712594273.6208713,21.75,987,-2344
1712594273.6268628,21.450000762939453,1025,-2336
1712594273.6328697,21.09000015258789,993,-2357
1712594273.6389012,20.790000915527344,1004,-2336
1712594273.644867,20.479999542236328,1008,-2319
1712594273.6508663,20.1299991607666,1004,-2290
1712594273.6568677,19.81999969482422,991,-2309
1712594273.6628623,19.559999465942383,1023,-2256
1712594273.6688955,19.200000762939453,1031,-2242
1712594273.6748683,18.899999618530273,989,-2200
1712594273.6808963,18.59000015258789,987,-2156
1712594273.6868696,18.239999771118164,1027,-2099
1712594273.6928635,17.93000030517578,993,-2058
1712594273.6988635,17.579999923706055,979,-2028
1712594273.7048979,17.229999542236328,983,-1957
1712594273.7108665,16.920000076293945,1029,-1926
1712594273.7168756,16.610000610351562,970,-1857
1712594273.7229116,16.299999237060547,973,-1790
1712594273.728957,16.040000915527344,1019,-1750
1712594273.7349017,15.779999732971191,1031,-1737
1712594273.7408879,15.5600004196167,996,-1698
1712594273.746882,15.34000015258789,985,-1750
1712594273.7528496,15.029999732971191,1008,-1767
1712594273.758885,14.8100004196167,991,-1855
1712594273.7648864,14.5,996,-1871
1712594273.7708957,14.279999732971191,1033,-1970
1712594273.7768795,13.970000267028809,977,-2043
1712594273.7828605,13.670000076293945,973,-2104
1712594273.7888503,13.359999656677246,1014,-2158
1712594273.7948484,13.050000190734863,1019,-2206
1712594273.8008487,12.699999809265137,1004,-2275
1712594273.806847,12.390000343322754,993,-2286
1712594273.8128448,12.039999961853027,1021,-2309
1712594273.8189013,11.6899995803833,1019,-2340
1712594273.8248477,11.34000015258789,985,-2327
1712594273.8308854,10.989999771118164,1006,-2357
1712594273.836848,10.630000114440918,1014,-2327
1712594273.8428657,10.329999923706055,991,-2311
1712594273.8488307,9.979999542236328,977,-2298
1712594273.8548443,9.670000076293945,1012,-2248
1712594273.8608391,9.319999694824219,1002,-2240
1712594273.8668642,9.010000228881836,991,-2227
1712594273.8728838,8.699999809265137,1010,-2173
1712594273.878834,8.4399995803833,1014,-2120
1712594273.8848255,8.130000114440918,977,-2078
1712594273.890885,7.820000171661377,981,-2047
1712594273.8968642,7.510000228881836,1027,-1988
1712594273.902833,7.25,1008,-1955
1712594273.9088626,6.989999771118164,968,-1905
1712594273.9148252,6.71999979019165,993,-1817
1712594273.9208865,6.420000076293945,1019,-1809
1712594273.9268632,6.110000133514404,983,-1739
1712594273.9329221,5.889999866485596,1010,-1681
1712594273.9388254,5.619999885559082,1014,-1656
1712594273.9448216,5.360000133514404,979,-1639
1712594273.9508646,5.099999904632568,985,-1729
1712594273.956887,4.880000114440918,1029,-1727
1712594273.9628303,4.570000171661377,1031,-1773
1712594273.9688456,4.260000228881836,975,-1867
1712594273.9748385,4.0,983,-1924
1712594273.9808447,3.690000057220459,1027,-1991
1712594273.9868717,3.430000066757202,998,-2066
1712594273.9928293,3.119999885559082,1006,-2110
1712594273.998818,2.859999895095825,1006,-2187
1712594274.0048144,2.5,1000,-2229
1712594274.0108495,2.200000047683716,989,-2252
1712594274.016857,1.850000023841858,1021,-2269
1712594274.0228624,1.5399999618530273,1029,-2288
1712594274.0288162,1.2300000190734863,979,-2336
1712594274.034816,0.8299999833106995,979,-2313
1712594274.040812,0.47999998927116394,1019,-2300
1712594274.0468197,0.12999999523162842,996,-2294
1712594274.0528374,-0.18000000715255737,983,-2265
1712594274.058825,-0.5299999713897705,991,-2244
1712594274.0648153,-0.8299999833106995,1035,-2217
1712594274.070814,-1.190000057220459,977,-2194
1712594274.0768204,-1.5399999618530273,979,-2166
1712594274.082814,-1.7999999523162842,1025,-2112
1712594274.088872,-2.109999895095825,1010,-2053
1712594274.0948222,-2.4200000762939453,1002,-1997
1712594274.100805,-2.680000066757202,1019,-1951
1712594274.1068532,-3.0299999713897705,998,-1911
1712594274.112842,-3.299999952316284,981,-1882
1712594274.1188307,-3.5199999809265137,985,-1798
1712594274.1248055,-3.819999933242798,1029,-1794
1712594274.1308942,-4.090000152587891,968,-1737
1712594274.1368136,-4.309999942779541,970,-1666
1712594274.1428094,-4.570000171661377,1019,-1681
1712594274.148808,-4.789999961853027,1029,-1689
1712594274.154812,-5.099999904632568,996,-1792
1712594274.1608038,-5.409999847412109,983,-1836
1712594274.1668096,-5.710000038146973,1006,-1886
1712594274.1728542,-6.019999980926514,985,-1942
1712594274.1788034,-6.329999923706055,989,-2041
1712594274.184804,-6.639999866485596,1033,-2091
1712594274.1908,-7.03000020980835,970,-2131
1712594274.1968367,-7.340000152587891,973,-2177
1712594274.2028506,-7.730000019073486,987,-2225
1712594274.2088354,-8.130000114440918,1021,-2242
1712594274.2148027,-8.4399995803833,1002,-2275
1712594274.220794,-8.75,989,-2281
1712594274.2268176,-9.100000381469727,1017,-2288
1712594274.2328293,-9.399999618530273,1010,-2313
1712594274.2388425,-9.760000228881836,985,-2311
1712594274.2447898,-10.109999656677246,1014,-2271
1712594274.2508276,-10.460000038146973,1010,-2252
1712594274.256787,-10.8100004196167,983,-2212
1712594274.2628293,-11.119999885559082,981,-2194
1712594274.2688308,-11.470000267028809,1017,-2166
1712594274.2748332,-11.869999885559082,998,-2127
1712594274.2807908,-12.170000076293945,985,-2070
1712594274.2867925,-12.479999542236328,1014,-2026
1712594274.2928317,-12.789999961853027,1017,-1982
1712594274.2987924,-13.100000381469727,973,-1942
1712594274.3048332,-13.359999656677246,979,-1852
1712594274.3108225,-13.670000076293945,1021,-1848
1712594274.3167884,-13.930000305175781,1006,-1800
1712594274.3228364,-14.1899995803833,975,-1723
1712594274.3288212,-14.40999984741211,998,-1675
1712594274.33488,-14.680000305175781,1008,-1654
1712594274.3408198,-14.899999618530273,983,-1616
1712594274.346788,-15.119999885559082,1021,-1583
1712594274.3528342,-15.380000114440918,1019,-1643
1712594274.3588316,-15.600000381469727,975,-1647
1712594274.3647842,-15.819999694824219,981,-1737
1712594274.3708124,-16.079999923706055,1031,-1813
1712594274.3767786,-16.350000381469727,1017,-1840
1712594274.3827705,-16.65999984741211,960,-1911
1712594274.3888273,-16.959999084472656,983,-1991
1712594274.3947868,-17.309999465942383,1027,-2078
1712594274.400779,-17.670000076293945,987,-2133
1712594274.406773,-17.969999313354492,1002,-2189
1712594274.4127717,-18.3700008392334,1010,-2219
1712594274.4187777,-18.719999313354492,989,-2231
1712594274.424778,-19.06999969482422,996,-2238
1712594274.430774,-19.420000076293945,1033,-2261
1712594274.4367719,-19.729999542236328,1019,-2250
1712594274.4427714,-20.040000915527344,960,-2244
1712594274.4487734,-20.350000381469727,989,-2235
1712594274.4548252,-20.700000762939453,1027,-2227
1712594274.4607728,-21.010000228881836,993,-2233
1712594274.4667706,-21.270000457763672,993,-2185
1712594274.4728045,-21.530000686645508,1002,-2148
1712594274.4788086,-21.84000015258789,1021,-2108
1712594274.4848115,-22.149999618530273,983,-2068
1712594274.4908168,-22.40999984741211,996,-2018
1712594274.4967656,-22.719999313354492,1025,-1982
1712594274.50277,-22.979999542236328,1000,-1924
1712594274.5088432,-23.200000762939453,991,-1905
1712594274.514764,-23.510000228881836,1025,-1806
1712594274.5208125,-23.81999969482422,991,-1811
1712594274.5267792,-24.079999923706055,991,-1758
1712594274.5328822,-24.350000381469727,1000,-1679
1712594274.5388072,-24.610000610351562,1031,-1673
1712594274.544773,-24.8700008392334,973,-1677
1712594274.550758,-25.09000015258789,975,-1696
1712594274.5567546,-25.309999465942383,1025,-1729
1712594274.562755,-25.530000686645508,1021,-1773
1712594274.568752,-25.84000015258789,996,-1873
1712594274.57481,-26.149999618530273,1000,-1901
1712594274.580793,-26.459999084472656,1004,-1991
1712594274.5867593,-26.760000228881836,981,-2043
1712594274.5927877,-27.06999969482422,985,-2127
1712594274.5987573,-27.329999923706055,1033,-2187
1712594274.6047595,-27.639999389648438,975,-2204
1712594274.6107588,-27.989999771118164,975,-2238
1712594274.616779,-28.299999237060547,1008,-2261
1712594274.622744,-28.610000610351562,1031,-2281
1712594274.6287441,-28.8700008392334,1006,-2302
1712594274.6347444,-29.219999313354492,985,-2294
1712594274.6407516,-29.65999984741211,1014,-2298
1712594274.6467447,-29.969999313354492,1002,-2261
1712594274.6527433,-30.31999969482422,993,-2258
1712594274.6587439,-30.670000076293945,1025,-2227
1712594274.6647453,-31.030000686645508,1002,-2219
1712594274.670808,-31.3799991607666,977,-2185
1712594274.6767607,-31.729999542236328,993,-2141
1712594274.68275,-32.040000915527344,1021,-2093
1712594274.6887422,-32.29999923706055,991,-2028
1712594274.694827,-32.61000061035156,975,-2001
1712594274.7007499,-32.83000183105469,1014,-1945
1712594274.7067964,-33.09000015258789,1012,-1911
1712594274.712748,-33.349998474121094,973,-1867
1712594274.7187498,-33.619998931884766,979,-1775
1712594274.7247882,-33.84000015258789,1029,-1786
1712594274.7307482,-34.060001373291016,1008,-1729
1712594274.7368891,-34.279998779296875,962,-1673
1712594274.742739,-34.5,987,-1608
1712594274.7487721,-34.79999923706055,1023,-1618
1712594274.7547839,-35.06999969482422,981,-1649
1712594274.760771,-35.380001068115234,1006,-1729
1712594274.7667372,-35.68000030517578,1010,-1783
1712594274.7727919,-35.9900016784668,981,-1804
1712594274.7787335,-36.29999923706055,989,-1875
1712594274.7847395,-36.61000061035156,1035,-1970
1712594274.7907803,-36.869998931884766,1035,-2041
1712594274.7967715,-37.220001220703125,991,-2110
1712594274.802731,-37.56999969482422,989,-2143
1712594274.8087318,-37.91999816894531,1031,-2175
1712594274.8147266,-38.22999954223633,1000,-2214
1712594274.8207831,-38.540000915527344,1002,-2265
1712594274.8267627,-38.88999938964844,1008,-2284
1712594274.8327298,-39.2400016784668,1017,-2269
1712594274.838727,-39.54999923706055,987,-2273
1712594274.8447268,-39.86000061035156,1004,-2279
1712594274.8507795,-40.16999816894531,1031,-2240
1712594274.8567746,-40.470001220703125,1004,-2246
1712594274.8627257,-40.779998779296875,998,-2244
1712594274.8687146,-41.130001068115234,1006,-2198
1712594274.8747451,-41.47999954223633,1002,-2160
1712594274.8807635,-41.84000015258789,981,-2120
1712594274.8867612,-42.189998626708984,981,-2083
1712594274.8927562,-42.5,1031,-2055
1712594274.8987274,-42.79999923706055,975,-1988
1712594274.904752,-43.11000061035156,975,-1957
1712594274.910779,-43.369998931884766,1025,-1922
1712594274.916726,-43.68000030517578,1023,-1811
1712594274.922765,-43.900001525878906,993,-1809
1712594274.928727,-44.16999816894531,998,-1748
1712594274.93481,-44.43000030517578,1006,-1710
1712594274.9407132,-44.689998626708984,981,-1635
1712594274.946714,-44.90999984741211,996,-1641
1712594274.952715,-45.130001068115234,1029,-1698
1712594274.958743,-45.349998474121094,985,-1739
1712594274.9647133,-45.619998931884766,968,-1796
1712594274.970737,-45.880001068115234,1004,-1861
1712594274.976763,-46.13999938964844,1029,-1899
1712594274.9827328,-46.45000076293945,993,-1995
1712594274.9887142,-46.7599983215332,977,-2043
1712594274.9947026,-47.06999969482422,1004,-2125
1712594275.0006964,-47.369998931884766,991,-2175
1712594275.006748,-47.720001220703125,993,-2196
1712594275.0127413,-48.029998779296875,1025,-2229
1712594275.0187404,-48.380001068115234,979,-2265
1712594275.0247028,-48.7400016784668,966,-2286
1712594275.0306993,-49.130001068115234,975,-2279
1712594275.036749,-49.439998626708984,1012,-2284
1712594275.0427365,-49.790000915527344,998,-2267
1712594275.0487347,-50.13999938964844,987,-2261
1712594275.0547013,-50.4900016784668,1014,-2238
1712594275.0606978,-50.84000015258789,1014,-2225
1712594275.0667434,-51.150001525878906,981,-2202
1712594275.0727503,-51.41999816894531,1004,-2158
1712594275.0787024,-51.77000045776367,1012,-2114
1712594275.0847394,-52.08000183105469,989,-2085
1712594275.0906992,-52.380001068115234,981,-2032
1712594275.0967648,-52.650001525878906,1017,-2003
1712594275.102707,-52.95000076293945,1006,-1947
1712594275.108704,-53.220001220703125,993,-1903
1712594275.1147215,-53.47999954223633,1012,-1852
1712594275.1206975,-53.75,1014,-1804
1712594275.1266906,-54.0099983215332,979,-1788
1712594275.1327944,-54.31999969482422,985,-1698
1712594275.1387038,-54.540000915527344,1031,-1662
1712594275.1446972,-54.79999923706055,1010,-1647
1712594275.150695,-55.060001373291016,962,-1723
1712594275.1566942,-55.33000183105469,989,-1716
1712594275.1627,-55.59000015258789,1021,-1804
1712594275.1687481,-55.900001525878906,983,-1871
1712594275.1747153,-56.15999984741211,1006,-1924
1712594275.1806962,-56.470001220703125,1008,-2005
1712594275.1866798,-56.779998779296875,979,-2064
1712594275.192754,-57.040000915527344,987,-2108
1712594275.198739,-57.349998474121094,1023,-2194
1712594275.2046964,-57.70000076293945,1027,-2223
1712594275.2106812,-58.0099983215332,975,-2265
1712594275.2166765,-58.31999969482422,979,-2271
1712594275.2227352,-58.66999816894531,1023,-2281
1712594275.2287195,-58.970001220703125,991,-2290
1712594275.2346835,-59.33000183105469,1000,-2294
1712594275.2406783,-59.68000030517578,1002,-2294
1712594275.246676,-60.029998779296875,993,-2271
1712594275.2527304,-60.41999816894531,987,-2267
1712594275.2587254,-60.72999954223633,1023,-2219
1712594275.2646804,-61.040000915527344,1031,-2210
1712594275.2706897,-61.29999923706055,981,-2196
1712594275.2766721,-61.70000076293945,983,-2150
1712594275.282724,-62.0099983215332,1023,-2095
1712594275.2887669,-62.36000061035156,998,-2028
1712594275.294686,-62.619998931884766,983,-1993
1712594275.3006737,-62.88999938964844,991,-1951
1712594275.3066745,-63.189998626708984,1035,-1903
1712594275.3126724,-63.5,979,-1852
1712594275.318682,-63.810001373291016,977,-1815
1712594275.3246884,-64.12000274658203,1023,-1733
1712594275.3306677,-64.37999725341797,1012,-1698
1712594275.3367877,-64.63999938964844,1002,-1654
1712594275.3426678,-64.86000061035156,1021,-1587
1712594275.3486686,-65.04000091552734,931,-1543
1712594275.3546793,-65.26000213623047,832,-1444
1712594275.3606691,-65.4800033569336,669,-1365
1712594275.3666604,-65.61000061035156,548,-1227
1712594275.372693,-65.79000091552734,437,-1122
1712594275.3786688,-65.95999908447266,332,-967
1712594275.3846626,-66.13999938964844,226,-842
1712594275.3906794,-66.2699966430664,154,-727
1712594275.3966587,-66.36000061035156,85,-540
1712594275.4026759,-66.4000015258789,-9,-400
1712594275.4087145,-66.44999694824219,-80,-306
1712594275.4146686,-66.44999694824219,-103,-86
1712594275.4206913,-66.48999786376953,-101,60
1712594275.426659,-66.48999786376953,-109,251
1712594275.432657,-66.48999786376953,-137,357
1712594275.4387076,-66.48999786376953,-141,527
1712594275.4446912,-66.48999786376953,-201,680
1712594275.4506588,-66.48999786376953,-168,822
1712594275.456697,-66.48999786376953,-162,989
1712594275.4626546,-66.48999786376953,-149,1176
1712594275.4687114,-66.48999786376953,-183,1372
1712594275.4746997,-66.48999786376953,-172,1550
1712594275.480659,-66.48999786376953,-153,1709
1712594275.4866984,-66.36000061035156,-137,1872
1712594275.4926543,-66.08999633789062,-118,2071
1712594275.4986613,-65.87000274658203,-155,2232
1712594275.5047069,-65.56999969482422,-145,2433
1712594275.5106878,-65.12999725341797,-109,2590
1712594275.5166593,-64.81999969482422,-99,2818
1712594275.5226498,-64.47000122070312,-74,3051
1712594275.528649,-64.02999877929688,-61,3287
1712594275.5347068,-63.459999084472656,-61,3519
1712594275.5406916,-62.93000030517578,-63,3745
1712594275.546649,-62.36000061035156,-86,3959
1712594275.5526457,-61.65999984741211,-65,4176
1712594275.5586452,-61.0,-38,4417
1712594275.5646713,-60.41999816894531,-7,4666
1712594275.5706806,-59.59000015258789,14,4892
1712594275.5766385,-58.88999938964844,25,5166
1712594275.5826287,-58.18000030517578,23,5486
1712594275.5886273,-57.2599983215332,6,5737
1712594275.5946689,-56.43000030517578,-7,5968
1712594275.6006398,-55.41999816894531,-11,6116
1712594275.6066916,-54.58000183105469,-9,6261
1712594275.612631,-53.61000061035156,0,6386
1712594275.6186414,-52.689998626708984,2,6510
1712594275.6246657,-51.54999923706055,2,6602
1712594275.6306314,-50.540000915527344,0,6702
1712594275.6366763,-49.38999938964844,0,6796
1712594275.6426678,-48.380001068115234,-3,6897
1712594275.6486578,-47.369998931884766,0,6989
1712594275.6547108,-46.36000061035156,0,7064
1712594275.6606822,-45.2599983215332,0,7135
1712594275.6666343,-44.119998931884766,-3,7188
1712594275.672625,-43.06999969482422,0,7238
1712594275.6786263,-41.970001220703125,0,7265
1712594275.6846228,-41.0,0,7317
1712594275.690675,-39.810001373291016,0,7353
1712594275.6966577,-38.720001220703125,0,7393
1712594275.7026203,-37.56999969482422,0,7393
1712594275.7086153,-36.560001373291016,0,7407
1712594275.7146611,-35.599998474121094,0,7418
1712594275.7206607,-34.540000915527344,0,7422
1712594275.7266526,-33.400001525878906,0,7399
1712594275.7326188,-32.34000015258789,0,7384
1712594275.7386158,-31.110000610351562,0,7370
1712594275.7446115,-30.280000686645508,0,7332
1712594275.7506144,-29.18000030517578,0,7309
1712594275.7566667,-28.079999923706055,0,7267
1712594275.76265,-26.979999542236328,0,7217
1712594275.768616,-25.84000015258789,0,7156
1712594275.7746499,-24.790000915527344,0,7106
1712594275.7806504,-23.770000457763672,0,7045
1712594275.7866626,-22.899999618530273,0,6962
1712594275.7926195,-21.75,0,6895
1712594275.7986119,-20.790000915527344,0,6809
1712594275.8046095,-19.639999389648438,0,6725
1712594275.8106134,-18.809999465942383,0,6639
1712594275.8166428,-17.799999237060547,0,6510
1712594275.8226109,-16.920000076293945,0,6415
1712594275.8286016,-15.859999656677246,0,6317
1712594275.8346004,-14.9399995803833,0,6162
1712594275.8406074,-13.930000305175781,0,6051
1712594275.8466046,-13.100000381469727,0,5934
1712594275.8526022,-12.220000267028809,0,5781
1712594275.8586504,-11.510000228881836,0,5652
1712594275.8646023,-10.630000114440918,0,5509
1712594275.8706067,-9.930000305175781,0,5378
1712594275.876648,-9.050000190734863,0,5221
1712594275.8826065,-8.4399995803833,0,5043
1712594275.888599,-7.650000095367432,0,4879
1712594275.8946018,-6.900000095367432,0,4653
1712594275.9005969,-6.329999923706055,0,4474
1712594275.9066126,-5.539999961853027,0,4294
1712594275.9126,-4.96999979019165,0,4111
1712594275.918616,-4.389999866485596,0,3911
1712594275.9245892,-3.740000009536743,0,3706
1712594275.9305894,-3.25,0,3494
1712594275.9366488,-2.7699999809265137,0,3277
1712594275.9426348,-2.3299999237060547,0,3092
1712594275.9486275,-1.7999999523162842,0,2816
1712594275.9546325,-1.4500000476837158,0,2615
1712594275.9606225,-1.1399999856948853,0,2352
1712594275.9666367,-0.8299999833106995,0,2098
1712594275.9726486,-0.5299999713897705,0,1872
1712594275.9786034,-0.25999999046325684,0,1592
1712594275.984588,-0.03999999910593033,0,1335
1712594275.9905825,0.12999999523162842,0,1081
1712594275.9965942,0.25999999046325684,0,828
1712594276.0026362,0.3100000023841858,0,590
1712594276.0085895,0.3499999940395355,0,288
1712594276.014581,0.3499999940395355,0,37
1712594276.0205805,0.3499999940395355,0,-170
1712594276.0265908,0.3499999940395355,0,-346
1712594276.0325942,0.3499999940395355,0,-486
1712594276.0385895,0.3499999940395355,0,-632
1712594276.0445755,0.3499999940395355,0,-731
1712594276.0505726,0.3499999940395355,0,-833
1712594276.0566387,0.3100000023841858,0,-902
1712594276.0625799,0.3100000023841858,0,-957
1712594276.0685835,0.3100000023841858,0,-1072
1712594276.0746427,0.3100000023841858,0,-1139
1712594276.0805838,0.25999999046325684,0,-1202
1712594276.0865748,0.25999999046325684,0,-1248
1712594276.0926292,0.25999999046325684,0,-1290
1712594276.0986109,0.25999999046325684,0,-1329
1712594276.1045775,0.2199999988079071,0,-1361
1712594276.1105714,0.18000000715255737,0,-1363
1712594276.1165795,0.12999999523162842,0,-1350
1712594276.1226301,-0.03999999910593033,0,-1325
1712594276.1286087,-0.2199999988079071,0,-1342
1712594276.134575,-0.4399999976158142,0,-1331
1712594276.140575,-0.6200000047683716,0,-1338
1712594276.1465724,-0.75,0,-1313
1712594276.152625,-0.9200000166893005,0,-1271
1712594276.158614,-1.100000023841858,0,-1254
1712594276.1645744,-1.3200000524520874,0,-1202
1712594276.1705692,-1.4900000095367432,0,-1158
1712594276.1765788,-1.6699999570846558,0,-1097
1712594276.182618,-1.7999999523162842,0,-1009
1712594276.1887176,-1.9299999475479126,0,-965
1712594276.1945684,-2.069999933242798,0,-919
1712594276.2005606,-2.200000047683716,0,-861
1712594276.206559,-2.2899999618530273,0,-729
1712594276.2126,-2.4200000762939453,0,-645
1712594276.2185967,-2.4600000381469727,0,-566
1712594276.2246077,-2.5,0,-425
1712594276.2305644,-2.549999952316284,0,-323
1712594276.236557,-2.5899999141693115,0,-185
1712594276.2425625,-2.5899999141693115,0,-78
1712594276.2485888,-2.5899999141693115,0,12
1712594276.2546077,-2.5899999141693115,0,79
1712594276.260555,-2.5899999141693115,0,146
1712594276.266548,-2.5899999141693115,0,240
1712594276.2725468,-2.5899999141693115,0,328
1712594276.278594,-2.5899999141693115,0,332
1712594276.2845528,-2.5899999141693115,0,408
1712594276.2905915,-2.5899999141693115,0,389
1712594276.2965417,-2.5899999141693115,0,458
1712594276.3025396,-2.5899999141693115,0,472
1712594276.308587,-2.5899999141693115,0,447
1712594276.31459,-2.5899999141693115,0,504
1712594276.320544,-2.5899999141693115,0,487
1712594276.3265407,-2.5899999141693115,0,475
1712594276.3325367,-2.5899999141693115,0,462
1712594276.3385935,-2.5899999141693115,0,521
1712594276.3445828,-2.5899999141693115,0,460
1712594276.3505535,-2.5899999141693115,0,424
1712594276.3565428,-2.5899999141693115,0,475
1712594276.3625383,-2.5899999141693115,0,445
1712594276.3685803,-2.5899999141693115,0,380
1712594276.374583,-2.5899999141693115,0,449
1712594276.3805408,-2.5899999141693115,0,359
1712594276.386566,-2.5899999141693115,0,391
1712594276.392539,-2.5899999141693115,0,357
1712594276.3985813,-2.5899999141693115,0,380
1712594276.4045787,-2.5899999141693115,0,305
1712594276.41054,-2.5899999141693115,0,341
1712594276.4165716,-2.5899999141693115,0,278
1712594276.4225593,-2.5899999141693115,0,276
1712594276.428541,-2.5899999141693115,0,276
1712594276.434573,-2.5899999141693115,0,240
1712594276.4405718,-2.5899999141693115,0,269
1712594276.4465382,-2.5899999141693115,0,257
1712594276.4525259,-2.5899999141693115,0,211
1712594276.4585617,-2.549999952316284,0,257
1712594276.4645636,-2.549999952316284,0,207
1712594276.4705827,-2.549999952316284,0,205
1712594276.4765606,-2.549999952316284,0,230
1712594276.4825618,-2.549999952316284,0,219
1712594276.4885583,-2.549999952316284,0,200
1712594276.4945672,-2.549999952316284,0,194
1712594276.5005484,-2.549999952316284,0,226
1712594276.5065658,-2.549999952316284,0,186
1712594276.512527,-2.549999952316284,0,186
1712594276.5185523,-2.5,0,232
1712594276.5245724,-2.4600000381469727,0,179
1712594276.5305293,-2.4600000381469727,0,182
1712594276.5365238,-2.4200000762939453,0,194
1712594276.5425189,-2.4200000762939453,0,230
1712594276.5485115,-2.369999885559082,0,177
1712594276.554524,-2.2899999618530273,0,177
1712594276.560558,-2.2899999618530273,0,215
1712594276.5665178,-2.2899999618530273,0,179
1712594276.5725365,-2.2899999618530273,0,182
1712594276.578517,-2.240000009536743,0,192
1712594276.584521,-2.109999895095825,0,215
1712594276.5905387,-2.109999895095825,0,167
1712594276.5965214,-2.109999895095825,0,190
1712594276.6025093,-2.109999895095825,0,202
1712594276.6085167,-2.109999895095825,0,177
1712594276.614512,-2.0199999809265137,0,171
1712594276.620554,-1.9800000190734863,0,219
1712594276.6265185,-1.9800000190734863,0,221
1712594276.6325107,-1.9800000190734863,0,159
1712594276.6385083,-1.9800000190734863,0,182
1712594276.644509,-1.8899999856948853,0,190
1712594276.650513,-1.850000023841858,0,207
1712594276.6565576,-1.7999999523162842,0,156
1712594276.662513,-1.7999999523162842,0,190
1712594276.668502,-1.7999999523162842,0,209
1712594276.6744976,-1.7999999523162842,0,192
1712594276.6805446,-1.6699999570846558,0,146
1712594276.686547,-1.6699999570846558,0,163
1712594276.6925411,-1.6699999570846558,0,188
1712594276.6985025,-1.6699999570846558,0,200
1712594276.7044966,-1.6699999570846558,0,152
1712594276.7105384,-1.5800000429153442,0,156
1712594276.7165046,-1.5399999618530273,0,177
1712594276.7225442,-1.5399999618530273,0,192
1712594276.7285101,-1.5399999618530273,0,146
1712594276.7344975,-1.5399999618530273,0,142
1712594276.7405462,-1.5399999618530273,0,142
1712594276.7465417,-1.4900000095367432,0,192
1712594276.7524996,-1.409999966621399,0,171
1712594276.758496,-1.409999966621399,0,154
1712594276.764492,-1.409999966621399,0,133
1712594276.7705429,-1.409999966621399,0,171
1712594276.7765424,-1.3600000143051147,0,156
1712594276.7824996,-1.3600000143051147,0,123
1712594276.7885156,-1.3600000143051147,0,131
1712594276.7944984,-1.2699999809265137,0,123
1712594276.8004837,-1.2300000190734863,0,150
1712594276.8065753,-1.2300000190734863,0,161
1712594276.81252,-1.2300000190734863,0,123
1712594276.818519,-1.2300000190734863,0,125
1712594276.8244934,-1.2300000190734863,0,115
1712594276.8304842,-1.2300000190734863,0,146
1712594276.8365335,-1.2300000190734863,0,129
1712594276.8425002,-1.1399999856948853,0,89
1712594276.8484828,-1.100000023841858,0,94
1712594276.8544843,-1.100000023841858,0,100
1712594276.8604836,-1.100000023841858,0,106
1712594276.8665192,-1.100000023841858,0,131
1712594276.8725312,-1.100000023841858,0,148
1712594276.878491,-1.100000023841858,0,98
1712594276.884516,-1.100000023841858,0,87
1712594276.8904831,-1.100000023841858,0,87
1712594276.8965464,-1.100000023841858,0,85
1712594276.9025238,-1.100000023841858,0,87
1712594276.9085298,-1.100000023841858,0,131
1712594276.9144828,-0.9700000286102295,0,131
1712594276.9204795,-0.9200000166893005,0,92
1712594276.9264824,-0.9200000166893005,0,66
1712594276.932478,-0.9200000166893005,0,66
1712594276.9385448,-0.9200000166893005,0,77
1712594276.9444847,-0.9200000166893005,0,77
1712594276.9504795,-0.9200000166893005,0,92
1712594276.956503,-0.9200000166893005,0,123
1712594276.9625058,-0.9200000166893005,0,113
1712594276.968476,-0.9200000166893005,0,77
1712594276.9744809,-0.9200000166893005,0,73
1712594276.980463,-0.9200000166893005,0,69
1712594276.9864652,-0.9200000166893005,0,73
1712594276.9925578,-0.8799999952316284,0,69
1712594276.9984984,-0.8799999952316284,0,81
1712594277.004467,-0.8799999952316284,0,102
1712594277.0104673,-0.8799999952316284,0,98
1712594277.0164993,-0.8799999952316284,0,60
1712594277.0225134,-0.8299999833106995,0,46
1712594277.0284703,-0.7900000214576721,0,39
1712594277.03446,-0.7900000214576721,0,60
1712594277.040455,-0.7900000214576721,0,64
1712594277.0464554,-0.7900000214576721,0,75
1712594277.0525503,-0.7900000214576721,0,66
1712594277.0585017,-0.7900000214576721,0,77
1712594277.064464,-0.75,0,104
1712594277.0704627,-0.75,0,94
1712594277.076458,-0.75,0,58
1712594277.0824902,-0.75,0,41
1712594277.0884728,-0.75,0,37
1712594277.0944633,-0.75,0,56
1712594277.1004488,-0.75,0,58
1712594277.106447,-0.75,0,77
1712594277.1124513,-0.75,0,71
1712594277.1185043,-0.6600000262260437,0,75
1712594277.1244626,-0.6200000047683716,0,83
1712594277.1304553,-0.6200000047683716,0,87
1712594277.1364422,-0.6200000047683716,0,58
1712594277.1424506,-0.6200000047683716,0,29
1712594277.148489,-0.6200000047683716,0,20
1712594277.1544914,-0.6200000047683716,0,14
1712594277.1604788,-0.6200000047683716,0,4
1712594277.1664515,-0.6200000047683716,0,-3
1712594277.172507,-0.6200000047683716,0,-3
1712594277.1784961,-0.6200000047683716,0,0
1712594277.1844506,-0.6200000047683716,0,0
1712594277.1904693,-0.6200000047683716,0,0
1712594277.1964462,-0.6200000047683716,0,0
1712594277.2024422,-0.6200000047683716,0,0
1712594277.2084866,-0.6200000047683716,0,0
1712594277.2144504,-0.6200000047683716,0,0
1712594277.2204828,-0.6200000047683716,0,2
1712594277.2264583,-0.6200000047683716,0,2
1712594277.2324445,-0.6200000047683716,0,4
1712594277.238515,-0.6200000047683716,0,10
1712594277.2444782,-0.6200000047683716,0,27
1712594277.2504435,-0.6200000047683716,0,52
1712594277.2564702,-0.6200000047683716,0,71
1712594277.2624419,-0.6200000047683716,0,94
1712594277.268539,-0.6200000047683716,0,108
1712594277.2744617,-0.6200000047683716,0,133
1712594277.2804408,-0.5699999928474426,0,121
1712594277.286436,-0.47999998927116394,0,87
1712594277.2924376,-0.4399999976158142,0,92
1712594277.2984412,-0.4399999976158142,0,119
1712594277.3044508,-0.4399999976158142,0,127
1712594277.3104413,-0.4399999976158142,0,152
1712594277.3164601,-0.4000000059604645,0,140
1712594277.3224385,-0.4000000059604645,0,79
1712594277.3284814,-0.4000000059604645,0,75
1712594277.334465,-0.4000000059604645,0,73
1712594277.340483,-0.4000000059604645,0,77
1712594277.3464637,-0.4000000059604645,0,85
1712594277.352437,-0.4000000059604645,0,100
1712594277.3584862,-0.3100000023841858,0,119
1712594277.364429,-0.2199999988079071,0,102
1712594277.3704696,-0.2199999988079071,0,62
1712594277.3764205,-0.2199999988079071,0,39
1712594277.3824544,-0.2199999988079071,0,41
1712594277.3884282,-0.2199999988079071,0,31
1712594277.3944652,-0.2199999988079071,0,41
1712594277.400427,-0.2199999988079071,0,46
1712594277.4064217,-0.2199999988079071,0,31
1712594277.4124196,-0.2199999988079071,0,37
1712594277.4184165,-0.2199999988079071,0,50
1712594277.4244246,-0.2199999988079071,0,66
1712594277.4304175,-0.2199999988079071,0,71
1712594277.4364145,-0.2199999988079071,0,69
1712594277.4424155,-0.2199999988079071,0,29
1712594277.4484112,-0.2199999988079071,0,-5
1712594277.4544568,-0.2199999988079071,0,-21
1712594277.4604218,-0.2199999988079071,0,-24
1712594277.4664147,-0.2199999988079071,0,-9
1712594277.472411,-0.2199999988079071,0,8
1712594277.4784162,-0.2199999988079071,0,2
1712594277.4844046,-0.2199999988079071,0,0
1712594277.4904516,-0.2199999988079071,0,0
1712594277.496402,-0.2199999988079071,0,0
1712594277.5024016,-0.2199999988079071,0,0
1712594277.5084014,-0.2199999988079071,0,0
1712594277.5144372,-0.2199999988079071,0,0
1712594277.520453,-0.2199999988079071,0,0
1712594277.5264049,-0.2199999988079071,0,0
1712594277.5323992,-0.2199999988079071,0,0
1712594277.5384016,-0.2199999988079071,0,0
1712594277.5444472,-0.2199999988079071,0,0
1712594277.550407,-0.2199999988079071,0,0
1712594277.5564404,-0.2199999988079071,0,0
1712594277.5624032,-0.2199999988079071,0,0
1712594277.568398,-0.2199999988079071,0,0
1712594277.5744038,-0.2199999988079071,0,0
1712594277.5804317,-0.2199999988079071,0,0
1712594277.5864463,-0.2199999988079071,0,0
1712594277.5924356,-0.2199999988079071,0,0
1712594277.5984187,-0.2199999988079071,0,0
1712594277.6043959,-0.2199999988079071,0,0
1712594277.6104405,-0.2199999988079071,0,0
1712594277.616435,-0.2199999988079071,0,0
1712594277.6223967,-0.2199999988079071,0,0
1712594277.6284018,-0.2199999988079071,0,2
1712594277.6343849,-0.2199999988079071,0,0
1712594277.6404374,-0.2199999988079071,0,0
1712594277.646421,-0.2199999988079071,0,0
1712594277.6523895,-0.2199999988079071,0,0
1712594277.6584213,-0.2199999988079071,0,0
1712594277.6643887,-0.2199999988079071,0,0
1712594277.6704419,-0.2199999988079071,0,0
1712594277.6764255,-0.2199999988079071,0,0
1712594277.682388,-0.2199999988079071,0,2
1712594277.6883883,-0.2199999988079071,0,-3
1712594277.6943862,-0.2199999988079071,0,0
1712594277.700427,-0.2199999988079071,0,0
1712594277.706432,-0.2199999988079071,0,0
1712594277.7124252,-0.2199999988079071,0,0
1712594277.718412,-0.2199999988079071,0,2
1712594277.7243855,-0.2199999988079071,0,-3
1712594277.7304292,-0.2199999988079071,0,0
1712594277.7364326,-0.2199999988079071,0,0
1712594277.7424178,-0.2199999988079071,0,0
1712594277.7483795,-0.2199999988079071,0,0
1712594277.7544239,-0.2199999988079071,0,0
1712594277.760426,-0.2199999988079071,0,0
1712594277.766381,-0.2199999988079071,0,0
1712594277.7723968,-0.2199999988079071,0,0
1712594277.7783813,-0.2199999988079071,0,0
1712594277.7844062,-0.2199999988079071,0,0
1712594277.7903767,-0.2199999988079071,0,2
1712594277.7963805,-0.2199999988079071,0,-3
1712594277.802417,-0.2199999988079071,0,0
1712594277.808422,-0.2199999988079071,0,0
1712594277.8143759,-0.2199999988079071,0,0
1712594277.8203785,-0.2199999988079071,0,0
1712594277.826421,-0.2199999988079071,0,2
1712594277.8324168,-0.2199999988079071,0,0
1712594277.838396,-0.2199999988079071,0,0
1712594277.8444128,-0.2199999988079071,0,0
1712594277.850377,-0.2199999988079071,0,0
1712594277.8564172,-0.2199999988079071,0,0
1712594277.8624067,-0.2199999988079071,0,0
1712594277.8683753,-0.2199999988079071,0,4
1712594277.8744247,-0.2199999988079071,0,0
1712594277.8804011,-0.2199999988079071,0,-3
1712594277.8864045,-0.2199999988079071,0,0
1712594277.8924105,-0.2199999988079071,0,2
1712594277.898411,-0.2199999988079071,0,2
1712594277.904395,-0.2199999988079071,0,2
1712594277.910402,-0.2199999988079071,0,0
1712594277.9164183,-0.2199999988079071,0,0
1712594277.9224124,-0.2199999988079071,0,0
1712594277.9283965,-0.2199999988079071,0,4
1712594277.934387,-0.2199999988079071,0,4
1712594277.940405,-0.2199999988079071,0,12
1712594277.94637,-0.2199999988079071,0,20
1712594277.9523757,-0.2199999988079071,0,35
1712594277.9583707,-0.2199999988079071,0,33
1712594277.9643574,-0.2199999988079071,0,37
1712594277.9703584,-0.2199999988079071,0,58
1712594277.9763544,-0.2199999988079071,0,58
1712594277.9823632,-0.2199999988079071,0,73
1712594277.9883614,-0.2199999988079071,0,85
1712594277.9943495,-0.2199999988079071,0,108
1712594278.000352,-0.2199999988079071,0,142
1712594278.0063417,-0.18000000715255737,0,119
1712594278.012391,-0.18000000715255737,0,98
1712594278.018385,0.0,0,96
1712594278.0243866,0.03999999910593033,0,102
1712594278.030363,0.03999999910593033,0,104
1712594278.0363421,0.03999999910593033,0,129
1712594278.0423827,0.03999999910593033,0,106
1712594278.0483496,0.03999999910593033,0,66
1712594278.0543857,0.03999999910593033,0,54
1712594278.0603442,0.03999999910593033,0,62
1712594278.066342,0.03999999910593033,0,62
1712594278.0723832,0.03999999910593033,0,56
1712594278.0783834,0.03999999910593033,0,52
1712594278.08438,0.03999999910593033,0,50
1712594278.090377,0.03999999910593033,0,50
1712594278.096371,0.03999999910593033,0,54
1712594278.102387,0.03999999910593033,0,52
1712594278.1083424,0.03999999910593033,0,46
1712594278.114332,0.03999999910593033,0,4
1712594278.1203666,0.03999999910593033,0,-24
1712594278.126387,0.03999999910593033,0,-13
1712594278.1323693,0.03999999910593033,0,8
1712594278.138382,0.03999999910593033,0,4
1712594278.1443696,0.03999999910593033,0,0
1712594278.150332,0.03999999910593033,0,0
1712594278.1563635,0.03999999910593033,0,0
1712594278.162366,0.03999999910593033,0,0
1712594278.1683698,0.03999999910593033,0,0
1712594278.1743665,0.03999999910593033,0,0
1712594278.1803577,0.03999999910593033,0,0
1712594278.186362,0.03999999910593033,0,0
1712594278.1923583,0.03999999910593033,0,0
1712594278.1983697,0.03999999910593033,0,0
1712594278.204366,0.03999999910593033,0,0
1712594278.210352,0.03999999910593033,0,0
1712594278.216357,0.03999999910593033,0,0
1712594278.2223253,0.03999999910593033,0,0
1712594278.2283516,0.03999999910593033,0,0
1712594278.2343538,0.03999999910593033,0,0
1712594278.240333,0.03999999910593033,0,0
1712594278.246315,0.03999999910593033,0,0
1712594278.2523158,0.03999999910593033,0,0
1712594278.2584193,0.03999999910593033,0,0
1712594278.2643294,0.03999999910593033,0,0
1712594278.2703137,0.03999999910593033,0,0
1712594278.2763195,0.03999999910593033,0,0
1712594278.2823122,0.03999999910593033,0,0
1712594278.2883172,0.03999999910593033,0,0
1712594278.2943318,0.03999999910593033,0,-3
1712594278.3003128,0.03999999910593033,0,0
1712594278.3063161,0.03999999910593033,0,0
1712594278.312313,0.03999999910593033,0,0
1712594278.3183541,0.03999999910593033,0,0
1712594278.3243523,0.03999999910593033,0,0
1712594278.3303456,0.03999999910593033,0,-3
1712594278.336344,0.03999999910593033,0,0
1712594278.3423178,0.03999999910593033,0,0
1712594278.3483717,0.03999999910593033,0,0
1712594278.3543625,0.03999999910593033,0,0
1712594278.3603323,0.03999999910593033,0,0
1712594278.366301,0.03999999910593033,0,0
1712594278.3723342,0.03999999910593033,0,0
1712594278.378344,0.03999999910593033,0,0
1712594278.384346,0.03999999910593033,0,0
1712594278.3903468,0.03999999910593033,0,0
1712594278.3963006,0.03999999910593033,0,0
1712594278.4022973,0.03999999910593033,0,0
1712594278.4083264,0.03999999910593033,0,0
1712594278.4143353,0.03999999910593033,0,0
1712594278.4203403,0.03999999910593033,0,0
1712594278.4263368,0.03999999910593033,0,0
1712594278.4323347,0.03999999910593033,0,0
1712594278.4383013,0.03999999910593033,0,0
1712594278.4443343,0.03999999910593033,0,0
1712594278.4503303,0.03999999910593033,0,0
1712594278.456341,0.03999999910593033,0,0
1712594278.462325,0.03999999910593033,0,0
1712594278.4683242,0.03999999910593033,0,0
1712594278.4743445,0.03999999910593033,0,0
1712594278.480319,0.03999999910593033,0,0
1712594278.4862885,0.03999999910593033,0,0
1712594278.4923203,0.03999999910593033,0,0
1712594278.4982948,0.03999999910593033,0,0
1712594278.5043325,0.03999999910593033,0,0
1712594278.5103092,0.03999999910593033,0,0
1712594278.5163212,0.03999999910593033,0,0
1712594278.522321,0.03999999910593033,0,0
1712594278.5282874,0.03999999910593033,0,0
1712594278.5343592,0.03999999910593033,0,0
1712594278.5403302,0.03999999910593033,0,0
1712594278.5463274,0.03999999910593033,0,0
1712594278.552316,0.03999999910593033,0,0
1712594278.558328,0.03999999910593033,0,0
1712594278.5643198,0.03999999910593033,0,0
1712594278.5703223,0.03999999910593033,0,0
1712594278.5762973,0.03999999910593033,0,0
1712594278.5823107,0.03999999910593033,0,0
1712594278.5882828,0.03999999910593033,0,0
1712594278.5942905,0.03999999910593033,0,0
1712594278.6002858,0.03999999910593033,0,0
1712594278.606321,0.03999999910593033,0,0
1712594278.6122758,0.03999999910593033,0,0
1712594278.6183045,0.03999999910593033,0,0
1712594278.6242728,0.03999999910593033,0,0
1712594278.63033,0.03999999910593033,0,0
1712594278.636419,0.03999999910593033,0,0
1712594278.6423233,0.03999999910593033,0,0
1712594278.6482775,0.03999999910593033,0,0
1712594278.6543143,0.03999999910593033,0,0
1712594278.6603198,0.03999999910593033,0,0
1712594278.6663113,0.03999999910593033,0,0
1712594278.6722734,0.03999999910593033,0,0
1712594278.678275,0.03999999910593033,0,0
1712594278.684316,0.03999999910593033,0,0
1712594278.690313,0.03999999910593033,0,-3
1712594278.6963074,0.03999999910593033,0,-5
1712594278.7023113,0.03999999910593033,0,-3
1712594278.7083166,0.03999999910593033,0,0
1712594278.714307,0.03999999910593033,0,0
1712594278.720324,0.03999999910593033,0,0
1712594278.726317,0.03999999910593033,0,0
1712594278.7323053,0.03999999910593033,0,0
1712594278.7383158,0.03999999910593033,0,0
1712594278.74431,0.03999999910593033,0,0
1712594278.750297,0.03999999910593033,0,0
1712594278.7563114,0.03999999910593033,0,0
1712594278.762307,0.03999999910593033,0,0
1712594278.7682657,0.03999999910593033,0,0
1712594278.7743037,0.03999999910593033,0,0
1712594278.7802954,0.03999999910593033,0,0
1712594278.7863057,0.03999999910593033,0,0
1712594278.792309,0.03999999910593033,0,0
1712594278.798256,0.03999999910593033,0,0
1712594278.80426,0.03999999910593033,0,0
1712594278.8102617,0.03999999910593033,0,0
1712594278.816252,0.03999999910593033,0,0
1712594278.8223023,0.03999999910593033,0,0
1712594278.828285,0.03999999910593033,0,0
1712594278.834252,0.03999999910593033,0,0
1712594278.8402462,0.03999999910593033,0,0
1712594278.846247,0.03999999910593033,0,0
1712594278.8523154,0.03999999910593033,0,0
1712594278.8583002,0.03999999910593033,0,0
1712594278.8642507,0.03999999910593033,0,0
1712594278.8702443,0.03999999910593033,0,0
1712594278.8762429,0.03999999910593033,0,0
1712594278.8822842,0.03999999910593033,0,0
1712594278.8882906,0.03999999910593033,0,0
1712594278.8942494,0.03999999910593033,0,0
1712594278.9002438,0.03999999910593033,0,0
1712594278.9062734,0.03999999910593033,0,0
1712594278.9122493,0.03999999910593033,0,0
1712594278.9182477,0.03999999910593033,0,0
1712594278.9242907,0.03999999910593033,0,0
1712594278.9302719,0.03999999910593033,0,0
1712594278.9362772,0.03999999910593033,0,0
1712594278.9422731,0.03999999910593033,0,0
1712594278.948275,0.03999999910593033,0,0
1712594278.954276,0.03999999910593033,0,0
1712594278.9602761,0.03999999910593033,0,0
1712594278.9662435,0.03999999910593033,0,0
1712594278.9722855,0.03999999910593033,0,0
1712594278.9782763,0.03999999910593033,0,0
1712594278.9842746,0.03999999910593033,0,0
1712594278.990267,0.03999999910593033,0,0
1712594278.996267,0.03999999910593033,0,0
1712594279.0022821,0.03999999910593033,0,0
1712594279.0082889,0.03999999910593033,0,0
1712594279.0142586,0.03999999910593033,0,0
1712594279.020273,0.03999999910593033,0,0
1712594279.0262656,0.03999999910593033,0,0
1712594279.0322778,0.03999999910593033,0,0
1712594279.0382822,0.03999999910593033,0,0
1712594279.0442736,0.03999999910593033,0,0
1712594279.0502558,0.03999999910593033,0,0
1712594279.056253,0.03999999910593033,0,0
1712594279.0622513,0.03999999910593033,0,0
1712594279.068257,0.03999999910593033,0,0
1712594279.0742328,0.03999999910593033,0,0
1712594279.0802262,0.03999999910593033,0,0
1712594279.0862217,0.03999999910593033,0,0
1712594279.0922189,0.03999999910593033,0,0
1712594279.0982387,0.03999999910593033,0,-3
1712594279.1042392,0.03999999910593033,0,-3
1712594279.1102204,0.03999999910593033,0,0
1712594279.1162136,0.03999999910593033,0,0
1712594279.122225,0.03999999910593033,0,0
1712594279.128258,0.03999999910593033,0,0
1712594279.1342204,0.03999999910593033,0,0
1712594279.1402717,0.03999999910593033,0,0
1712594279.1462226,0.03999999910593033,0,0
1712594279.1522124,0.03999999910593033,0,0
1712594279.1582537,0.03999999910593033,0,0
1712594279.1642196,0.03999999910593033,0,0
1712594279.1702597,0.03999999910593033,0,0
1712594279.1762106,0.03999999910593033,0,0
1712594279.182215,0.03999999910593033,0,0
1712594279.1882136,0.03999999910593033,0,0
1712594279.1942532,0.03999999910593033,0,0
1712594279.2002084,0.03999999910593033,0,0
1712594279.2062044,0.03999999910593033,0,0
1712594279.2122033,0.03999999910593033,0,0
1712594279.2182474,0.03999999910593033,0,0
1712594279.2242606,0.03999999910593033,0,0
1712594279.2302454,0.03999999910593033,0,0
1712594279.236238,0.03999999910593033,0,0
1712594279.2422538,0.03999999910593033,0,0
1712594279.248201,0.03999999910593033,0,0
1712594279.2542028,0.03999999910593033,0,0
1712594279.260244,0.03999999910593033,0,0
1712594279.2662413,0.03999999910593033,0,0
1712594279.2722414,0.03999999910593033,0,0
1712594279.2782528,0.03999999910593033,0,0
1712594279.2842069,0.03999999910593033,0,0
1712594279.290253,0.03999999910593033,0,0
1712594279.2962239,0.03999999910593033,0,0
1712594279.3022237,0.03999999910593033,0,0
1712594279.3082356,0.03999999910593033,0,0
1712594279.314193,0.03999999910593033,0,0
1712594279.3202326,0.03999999910593033,0,0
1712594279.3262305,0.03999999910593033,0,0
1712594279.3321896,0.03999999910593033,0,0
1712594279.3382182,0.03999999910593033,0,0
1712594279.3441894,0.03999999910593033,0,0
1712594279.3502355,0.03999999910593033,0,0
1712594279.3562365,0.03999999910593033,0,0
1712594279.3621914,0.03999999910593033,0,0
1712594279.3681917,0.03999999910593033,0,0
1712594279.374187,0.03999999910593033,0,-3
1712594279.380186,0.03999999910593033,0,-3
1712594279.3862355,0.03999999910593033,0,0
1712594279.3922026,0.03999999910593033,0,0
